2026-08-14 09:29:12,854 - aqt.main - INFO - installer 37632 aqtinstall(aqt) v3.3.0 on Python 3.9.7 [CPython MSC v.1929 64 bit (AMD64)]
2026-08-14 10:51:37,475 - aqt.helper - DEBUG - helper 63752 Attempt to download checksum at https://download.qt.io/online/qtsdkrepository/windows_x86/desktop/qt5_563/Updates.xml.sha256
2026-08-14 10:51:39,190 - aqt.helper - DEBUG - helper 63752 Attempt to download checksum at https://download.qt.io/online/qtsdkrepository/windows_x86/desktop/qt5_563/Updates.xml.sha256
2026-08-14 10:51:40,134 - aqt.helper - DEBUG - helper 63752 Attempt to download checksum at https://download.qt.io/online/qtsdkrepository/windows_x86/desktop/qt5_563/Updates.xml.sha256
2026-08-14 10:51:41,103 - aqt.helper - DEBUG - helper 63752 Attempt to download checksum at https://download.qt.io/online/qtsdkrepository/windows_x86/desktop/qt5_563/Updates.xml.sha256
2026-08-14 10:51:42,930 - aqt.helper - DEBUG - helper 63752 Attempt to download checksum at https://download.qt.io/online/qtsdkrepository/windows_x86/desktop/qt5_563/Updates.xml.sha256
2026-08-14 10:51:45,018 - aqt.main - ERROR - installer 63752 Failed to download checksum for the file 'Updates.xml' from mirrors '['https://download.qt.io']
==============================Suggested follow-up:==============================
* Check your internet connection
* Consider modifying `requests.max_retries_to_retrieve_hash` in settings.ini
* Consider modifying `mirrors.trusted_mirrors` in settings.ini (see https://aqtinstall.readthedocs.io/en/stable/configuration.html#configuration)
* Please use 'aqt list-qt windows desktop' to show versions of Qt available.
2026-08-14 10:51:45,379 - aqt.helper - DEBUG - helper 74536 Attempt to download checksum at https://download.qt.io/online/qtsdkrepository/windows_x86/desktop/qt5_599/Updates.xml.sha256
2026-08-14 10:53:57,355 - aqt.main - INFO - installer 77888 aqtinstall(aqt) v3.3.0 on Python 3.9.7 [CPython MSC v.1929 64 bit (AMD64)]
2026-08-14 10:53:57,355 - aqt.helper - DEBUG - helper 77888 Attempt to download checksum at https://download.qt.io/online/qtsdkrepository/windows_x86/desktop/qt5_563/Updates.xml.sha256
2026-08-14 10:53:58,308 - aqt.helper - DEBUG - helper 77888 Attempt to download checksum at https://download.qt.io/online/qtsdkrepository/windows_x86/desktop/qt5_563/Updates.xml.sha256
2026-08-14 10:53:59,214 - aqt.helper - DEBUG - helper 77888 Attempt to download checksum at https://download.qt.io/online/qtsdkrepository/windows_x86/desktop/qt5_563/Updates.xml.sha256
2026-08-14 10:54:00,142 - aqt.helper - DEBUG - helper 77888 Attempt to download checksum at https://download.qt.io/online/qtsdkrepository/windows_x86/desktop/qt5_563/Updates.xml.sha256
2026-08-14 10:54:01,253 - aqt.helper - DEBUG - helper 77888 Attempt to download checksum at https://download.qt.io/online/qtsdkrepository/windows_x86/desktop/qt5_563/Updates.xml.sha256
2026-08-14 10:54:02,357 - aqt.archives - WARNING - archives 77888 Failed to download checksum for the file 'online/qtsdkrepository/windows_x86/desktop/qt5_563/Updates.xml'. This may happen on unofficial mirrors.
2026-08-14 10:54:03,359 - aqt.main - ERROR - installer 77888 Failed to locate XML data for Qt version '5.6.3'.
==============================Suggested follow-up:==============================
* Please use 'aqt list-qt windows desktop' to show versions available.
2026-08-14 10:57:44,623 - aqt.helper - DEBUG - helper 29660 Attempt to download checksum at https://download.qt.io/online/qtsdkrepository/windows_x86/desktop/qt5_599/Updates.xml.sha256
2026-08-14 10:58:24,958 - aqt.main - INFO - installer 2988 aqtinstall(aqt) v3.3.0 on Python 3.9.7 [CPython MSC v.1929 64 bit (AMD64)]
2026-08-14 10:58:24,958 - aqt.main - ERROR - installer 2988 Specified 7zip command executable does not exist: 'D:/Qt_builder_venv/Scripts/7z.exe'
2026-08-14 11:00:11,873 - aqt.main - INFO - installer 79768 aqtinstall(aqt) v3.3.0 on Python 3.9.7 [CPython MSC v.1929 64 bit (AMD64)]
2026-08-14 11:00:11,873 - aqt.helper - DEBUG - helper 79768 Attempt to download checksum at https://download.qt.io/online/qtsdkrepository/windows_x86/desktop/qt5_563/Updates.xml.sha256
2026-08-14 11:00:12,847 - aqt.helper - DEBUG - helper 79768 Attempt to download checksum at https://download.qt.io/online/qtsdkrepository/windows_x86/desktop/qt5_563/Updates.xml.sha256
2026-08-14 11:00:14,373 - aqt.helper - DEBUG - helper 79768 Attempt to download checksum at https://download.qt.io/online/qtsdkrepository/windows_x86/desktop/qt5_563/Updates.xml.sha256
2026-08-14 11:00:15,417 - aqt.helper - DEBUG - helper 79768 Attempt to download checksum at https://download.qt.io/online/qtsdkrepository/windows_x86/desktop/qt5_563/Updates.xml.sha256
2026-08-14 11:00:16,410 - aqt.helper - DEBUG - helper 79768 Attempt to download checksum at https://download.qt.io/online/qtsdkrepository/windows_x86/desktop/qt5_563/Updates.xml.sha256
2026-08-14 11:00:17,447 - aqt.archives - WARNING - archives 79768 Failed to download checksum for the file 'online/qtsdkrepository/windows_x86/desktop/qt5_563/Updates.xml'. This may happen on unofficial mirrors.
2026-08-14 11:00:18,356 - aqt.main - ERROR - installer 79768 Failed to locate XML data for Qt version '5.6.3'.
==============================Suggested follow-up:==============================
* Please use 'aqt list-qt windows desktop' to show versions available.
2026-08-14 17:36:26,350 - aqt.main - INFO - installer 71164 aqtinstall(aqt) v3.3.0 on Python 3.9.7 [CPython MSC v.1929 64 bit (AMD64)]
2026-08-14 17:36:26,352 - aqt.helper - DEBUG - helper 71164 Attempt to download checksum at https://download.qt.io/online/qtsdkrepository/windows_x86/desktop/qt5_563/Updates.xml.sha256
2026-08-14 17:36:27,421 - aqt.helper - DEBUG - helper 71164 Attempt to download checksum at https://download.qt.io/online/qtsdkrepository/windows_x86/desktop/qt5_563/Updates.xml.sha256
2026-08-14 17:36:29,091 - aqt.helper - DEBUG - helper 71164 Attempt to download checksum at https://download.qt.io/online/qtsdkrepository/windows_x86/desktop/qt5_563/Updates.xml.sha256
2026-08-14 17:36:30,046 - aqt.helper - DEBUG - helper 71164 Attempt to download checksum at https://download.qt.io/online/qtsdkrepository/windows_x86/desktop/qt5_563/Updates.xml.sha256
2026-08-14 17:36:52,537 - aqt.helper - DEBUG - helper 71164 Attempt to download checksum at https://download.qt.io/online/qtsdkrepository/windows_x86/desktop/qt5_563/Updates.xml.sha256
2026-08-14 17:36:54,397 - aqt.archives - WARNING - archives 71164 Failed to download checksum for the file 'online/qtsdkrepository/windows_x86/desktop/qt5_563/Updates.xml'. This may happen on unofficial mirrors.
2026-08-14 17:36:55,339 - aqt.main - ERROR - installer 71164 Failed to locate XML data for Qt version '5.6.3'.
==============================Suggested follow-up:==============================
* Please use 'aqt list-qt windows desktop' to show versions available.
2026-08-14 22:21:17,234 - aqt.main - INFO - installer 75332 aqtinstall(aqt) v3.3.0 on Python 3.9.7 [CPython MSC v.1929 64 bit (AMD64)]
2026-08-14 22:21:17,235 - aqt.helper - DEBUG - helper 75332 Attempt to download checksum at https://download.qt.io/online/qtsdkrepository/windows_x86/desktop/qt5_5152/Updates.xml.sha256
2026-08-14 22:21:21,158 - aqt.helper - DEBUG - helper 60060 Attempt to download checksum at https://download.qt.io/online/qtsdkrepository/windows_x86/desktop/qt5_5152/qt.qt5.5152.win64_msvc2019_64/5.15.2-0-202011130602qtbase-Windows-Windows_10-MSVC2019-Windows-Windows_10-X86_64.7z.sha256
2026-08-14 22:21:21,162 - aqt.helper - DEBUG - helper 74624 Attempt to download checksum at https://download.qt.io/online/qtsdkrepository/windows_x86/desktop/qt5_5152/qt.qt5.5152.win64_msvc2019_64/5.15.2-0-202011130602qtactiveqt-Windows-Windows_10-MSVC2019-Windows-Windows_10-X86_64.7z.sha256
2026-08-14 22:21:21,162 - aqt.helper - DEBUG - helper 59684 Attempt to download checksum at https://download.qt.io/online/qtsdkrepository/windows_x86/desktop/qt5_5152/qt.qt5.5152.win64_msvc2019_64/5.15.2-0-202011130602qttranslations-Windows-Windows_10-MSVC2019-Windows-Windows_10-X86_64.7z.sha256
2026-08-14 22:21:21,166 - aqt.helper - DEBUG - helper 84376 Attempt to download checksum at https://download.qt.io/online/qtsdkrepository/windows_x86/desktop/qt5_5152/qt.qt5.5152.win64_msvc2019_64/5.15.2-0-202011130602qtsvg-Windows-Windows_10-MSVC2019-Windows-Windows_10-X86_64.7z.sha256
2026-08-14 22:21:23,140 - aqt.helper - INFO - helper 60060 Downloading qtbase...
2026-08-14 22:21:23,140 - aqt.installer - DEBUG - installer 60060 Download URL: https://download.qt.io/online/qtsdkrepository/windows_x86/desktop/qt5_5152/qt.qt5.5152.win64_msvc2019_64/5.15.2-0-202011130602qtbase-Windows-Windows_10-MSVC2019-Windows-Windows_10-X86_64.7z
2026-08-14 22:21:24,181 - aqt.helper - DEBUG - helper 60060 Asked to redirect(302) to: https://mirrors.sau.edu.cn/qt/online/qtsdkrepository/windows_x86/desktop/qt5_5152/qt.qt5.5152.win64_msvc2019_64/5.15.2-0-202011130602qtbase-Windows-Windows_10-MSVC2019-Windows-Windows_10-X86_64.7z
2026-08-14 22:21:24,181 - aqt.helper - INFO - helper 60060 Redirected: mirrors.sau.edu.cn
2026-08-14 22:21:25,385 - aqt.helper - INFO - helper 59684 Downloading qttranslations...
2026-08-14 22:21:25,385 - aqt.installer - DEBUG - installer 59684 Download URL: https://download.qt.io/online/qtsdkrepository/windows_x86/desktop/qt5_5152/qt.qt5.5152.win64_msvc2019_64/5.15.2-0-202011130602qttranslations-Windows-Windows_10-MSVC2019-Windows-Windows_10-X86_64.7z
2026-08-14 22:21:27,187 - aqt.helper - DEBUG - helper 59684 Asked to redirect(302) to: https://mirrors.sau.edu.cn/qt/online/qtsdkrepository/windows_x86/desktop/qt5_5152/qt.qt5.5152.win64_msvc2019_64/5.15.2-0-202011130602qttranslations-Windows-Windows_10-MSVC2019-Windows-Windows_10-X86_64.7z
2026-08-14 22:21:27,187 - aqt.helper - INFO - helper 59684 Redirected: mirrors.sau.edu.cn
2026-08-14 22:21:27,388 - aqt.helper - INFO - helper 84376 Downloading qtsvg...
2026-08-14 22:21:27,388 - aqt.installer - DEBUG - installer 84376 Download URL: https://download.qt.io/online/qtsdkrepository/windows_x86/desktop/qt5_5152/qt.qt5.5152.win64_msvc2019_64/5.15.2-0-202011130602qtsvg-Windows-Windows_10-MSVC2019-Windows-Windows_10-X86_64.7z
2026-08-14 22:21:28,353 - aqt.helper - INFO - helper 74624 Downloading qtactiveqt...
2026-08-14 22:21:28,353 - aqt.installer - DEBUG - installer 74624 Download URL: https://download.qt.io/online/qtsdkrepository/windows_x86/desktop/qt5_5152/qt.qt5.5152.win64_msvc2019_64/5.15.2-0-202011130602qtactiveqt-Windows-Windows_10-MSVC2019-Windows-Windows_10-X86_64.7z
2026-08-14 22:21:28,596 - aqt.helper - DEBUG - helper 84376 Asked to redirect(302) to: https://mirrors.sau.edu.cn/qt/online/qtsdkrepository/windows_x86/desktop/qt5_5152/qt.qt5.5152.win64_msvc2019_64/5.15.2-0-202011130602qtsvg-Windows-Windows_10-MSVC2019-Windows-Windows_10-X86_64.7z
2026-08-14 22:21:28,596 - aqt.helper - INFO - helper 84376 Redirected: mirrors.sau.edu.cn
2026-08-14 22:21:29,933 - aqt.installer - INFO - installer 84376 Finished installation of qtsvg-Windows-Windows_10-MSVC2019-Windows-Windows_10-X86_64.7z in 8.76882630
2026-08-14 22:21:29,946 - aqt.helper - DEBUG - helper 84376 Attempt to download checksum at https://download.qt.io/online/qtsdkrepository/windows_x86/desktop/qt5_5152/qt.qt5.5152.win64_msvc2019_64/5.15.2-0-202011130602qtdeclarative-Windows-Windows_10-MSVC2019-Windows-Windows_10-X86_64.7z.sha256
2026-08-14 22:21:31,017 - aqt.helper - INFO - helper 84376 Downloading qtdeclarative...
2026-08-14 22:21:31,018 - aqt.installer - DEBUG - installer 84376 Download URL: https://download.qt.io/online/qtsdkrepository/windows_x86/desktop/qt5_5152/qt.qt5.5152.win64_msvc2019_64/5.15.2-0-202011130602qtdeclarative-Windows-Windows_10-MSVC2019-Windows-Windows_10-X86_64.7z
2026-08-14 22:21:32,852 - aqt.helper - DEBUG - helper 74624 Asked to redirect(302) to: https://mirrors.sau.edu.cn/qt/online/qtsdkrepository/windows_x86/desktop/qt5_5152/qt.qt5.5152.win64_msvc2019_64/5.15.2-0-202011130602qtactiveqt-Windows-Windows_10-MSVC2019-Windows-Windows_10-X86_64.7z
2026-08-14 22:21:32,852 - aqt.helper - INFO - helper 74624 Redirected: mirrors.sau.edu.cn
2026-08-14 22:21:33,198 - aqt.helper - DEBUG - helper 84376 Asked to redirect(302) to: https://mirrors.sau.edu.cn/qt/online/qtsdkrepository/windows_x86/desktop/qt5_5152/qt.qt5.5152.win64_msvc2019_64/5.15.2-0-202011130602qtdeclarative-Windows-Windows_10-MSVC2019-Windows-Windows_10-X86_64.7z
2026-08-14 22:21:33,198 - aqt.helper - INFO - helper 84376 Redirected: mirrors.sau.edu.cn
2026-08-14 22:21:34,456 - aqt.installer - INFO - installer 59684 Finished installation of qttranslations-Windows-Windows_10-MSVC2019-Windows-Windows_10-X86_64.7z in 13.29625840
2026-08-14 22:21:34,470 - aqt.helper - DEBUG - helper 59684 Attempt to download checksum at https://download.qt.io/online/qtsdkrepository/windows_x86/desktop/qt5_5152/qt.qt5.5152.win64_msvc2019_64/5.15.2-0-202011130602qtgraphicaleffects-Windows-Windows_10-MSVC2019-Windows-Windows_10-X86_64.7z.sha256
2026-08-14 22:21:37,649 - aqt.installer - INFO - installer 74624 Finished installation of qtactiveqt-Windows-Windows_10-MSVC2019-Windows-Windows_10-X86_64.7z in 16.49060310
2026-08-14 22:21:37,662 - aqt.helper - DEBUG - helper 74624 Attempt to download checksum at https://download.qt.io/online/qtsdkrepository/windows_x86/desktop/qt5_5152/qt.qt5.5152.win64_msvc2019_64/5.15.2-0-202011130602qtmultimedia-Windows-Windows_10-MSVC2019-Windows-Windows_10-X86_64.7z.sha256
2026-08-14 22:21:37,728 - aqt.helper - INFO - helper 59684 Downloading qtgraphicaleffects...
2026-08-14 22:21:37,728 - aqt.installer - DEBUG - installer 59684 Download URL: https://download.qt.io/online/qtsdkrepository/windows_x86/desktop/qt5_5152/qt.qt5.5152.win64_msvc2019_64/5.15.2-0-202011130602qtgraphicaleffects-Windows-Windows_10-MSVC2019-Windows-Windows_10-X86_64.7z
2026-08-14 22:21:39,979 - aqt.helper - DEBUG - helper 59684 Asked to redirect(302) to: https://mirrors.sau.edu.cn/qt/online/qtsdkrepository/windows_x86/desktop/qt5_5152/qt.qt5.5152.win64_msvc2019_64/5.15.2-0-202011130602qtgraphicaleffects-Windows-Windows_10-MSVC2019-Windows-Windows_10-X86_64.7z
2026-08-14 22:21:39,979 - aqt.helper - INFO - helper 59684 Redirected: mirrors.sau.edu.cn
2026-08-14 22:21:40,401 - aqt.helper - INFO - helper 74624 Downloading qtmultimedia...
2026-08-14 22:21:40,402 - aqt.installer - DEBUG - installer 74624 Download URL: https://download.qt.io/online/qtsdkrepository/windows_x86/desktop/qt5_5152/qt.qt5.5152.win64_msvc2019_64/5.15.2-0-202011130602qtmultimedia-Windows-Windows_10-MSVC2019-Windows-Windows_10-X86_64.7z
2026-08-14 22:21:41,504 - aqt.installer - INFO - installer 59684 Finished installation of qtgraphicaleffects-Windows-Windows_10-MSVC2019-Windows-Windows_10-X86_64.7z in 7.03561970
2026-08-14 22:21:41,525 - aqt.helper - DEBUG - helper 59684 Attempt to download checksum at https://download.qt.io/online/qtsdkrepository/windows_x86/desktop/qt5_5152/qt.qt5.5152.win64_msvc2019_64/5.15.2-0-202011130602qtwinextras-Windows-Windows_10-MSVC2019-Windows-Windows_10-X86_64.7z.sha256
2026-08-14 22:21:42,625 - aqt.helper - INFO - helper 59684 Downloading qtwinextras...
2026-08-14 22:21:42,625 - aqt.installer - DEBUG - installer 59684 Download URL: https://download.qt.io/online/qtsdkrepository/windows_x86/desktop/qt5_5152/qt.qt5.5152.win64_msvc2019_64/5.15.2-0-202011130602qtwinextras-Windows-Windows_10-MSVC2019-Windows-Windows_10-X86_64.7z
2026-08-14 22:21:43,148 - aqt.helper - DEBUG - helper 74624 Asked to redirect(302) to: https://mirrors.sau.edu.cn/qt/online/qtsdkrepository/windows_x86/desktop/qt5_5152/qt.qt5.5152.win64_msvc2019_64/5.15.2-0-202011130602qtmultimedia-Windows-Windows_10-MSVC2019-Windows-Windows_10-X86_64.7z
2026-08-14 22:21:43,148 - aqt.helper - INFO - helper 74624 Redirected: mirrors.sau.edu.cn
2026-08-14 22:21:43,685 - aqt.helper - DEBUG - helper 59684 Asked to redirect(302) to: https://mirrors.sau.edu.cn/qt/online/qtsdkrepository/windows_x86/desktop/qt5_5152/qt.qt5.5152.win64_msvc2019_64/5.15.2-0-202011130602qtwinextras-Windows-Windows_10-MSVC2019-Windows-Windows_10-X86_64.7z
2026-08-14 22:21:43,686 - aqt.helper - INFO - helper 59684 Redirected: mirrors.sau.edu.cn
2026-08-14 22:21:45,697 - aqt.installer - INFO - installer 59684 Finished installation of qtwinextras-Windows-Windows_10-MSVC2019-Windows-Windows_10-X86_64.7z in 4.17435260
2026-08-14 22:21:45,707 - aqt.helper - DEBUG - helper 59684 Attempt to download checksum at https://download.qt.io/online/qtsdkrepository/windows_x86/desktop/qt5_5152/qt.qt5.5152.win64_msvc2019_64/5.15.2-0-202011130602qtimageformats-Windows-Windows_10-MSVC2019-Windows-Windows_10-X86_64.7z.sha256
2026-08-14 22:21:47,133 - aqt.installer - INFO - installer 74624 Finished installation of qtmultimedia-Windows-Windows_10-MSVC2019-Windows-Windows_10-X86_64.7z in 9.47370280
2026-08-14 22:21:47,152 - aqt.helper - DEBUG - helper 74624 Attempt to download checksum at https://download.qt.io/online/qtsdkrepository/windows_x86/desktop/qt5_5152/qt.qt5.5152.win64_msvc2019_64/5.15.2-0-202011130602qttools-Windows-Windows_10-MSVC2019-Windows-Windows_10-X86_64.7z.sha256
2026-08-14 22:21:48,755 - aqt.helper - INFO - helper 74624 Downloading qttools...
2026-08-14 22:21:48,755 - aqt.installer - DEBUG - installer 74624 Download URL: https://download.qt.io/online/qtsdkrepository/windows_x86/desktop/qt5_5152/qt.qt5.5152.win64_msvc2019_64/5.15.2-0-202011130602qttools-Windows-Windows_10-MSVC2019-Windows-Windows_10-X86_64.7z
2026-08-14 22:21:51,559 - aqt.helper - INFO - helper 59684 Downloading qtimageformats...
2026-08-14 22:21:51,559 - aqt.installer - DEBUG - installer 59684 Download URL: https://download.qt.io/online/qtsdkrepository/windows_x86/desktop/qt5_5152/qt.qt5.5152.win64_msvc2019_64/5.15.2-0-202011130602qtimageformats-Windows-Windows_10-MSVC2019-Windows-Windows_10-X86_64.7z
2026-08-14 22:21:52,682 - aqt.helper - DEBUG - helper 59684 Asked to redirect(302) to: https://mirrors.sau.edu.cn/qt/online/qtsdkrepository/windows_x86/desktop/qt5_5152/qt.qt5.5152.win64_msvc2019_64/5.15.2-0-202011130602qtimageformats-Windows-Windows_10-MSVC2019-Windows-Windows_10-X86_64.7z
2026-08-14 22:21:52,682 - aqt.helper - INFO - helper 59684 Redirected: mirrors.sau.edu.cn
2026-08-14 22:21:53,243 - aqt.helper - DEBUG - helper 74624 Asked to redirect(302) to: https://mirrors.sau.edu.cn/qt/online/qtsdkrepository/windows_x86/desktop/qt5_5152/qt.qt5.5152.win64_msvc2019_64/5.15.2-0-202011130602qttools-Windows-Windows_10-MSVC2019-Windows-Windows_10-X86_64.7z
2026-08-14 22:21:53,243 - aqt.helper - INFO - helper 74624 Redirected: mirrors.sau.edu.cn
2026-08-14 22:21:55,676 - aqt.installer - INFO - installer 59684 Finished installation of qtimageformats-Windows-Windows_10-MSVC2019-Windows-Windows_10-X86_64.7z in 9.97165120
2026-08-14 22:21:55,694 - aqt.helper - DEBUG - helper 59684 Attempt to download checksum at https://download.qt.io/online/qtsdkrepository/windows_x86/desktop/qt5_5152/qt.qt5.5152.win64_msvc2019_64/5.15.2-0-202011130602qtsensors-Windows-Windows_10-MSVC2019-Windows-Windows_10-X86_64.7z.sha256
2026-08-14 22:22:01,875 - aqt.helper - INFO - helper 59684 Downloading qtsensors...
2026-08-14 22:22:01,876 - aqt.installer - DEBUG - installer 59684 Download URL: https://download.qt.io/online/qtsdkrepository/windows_x86/desktop/qt5_5152/qt.qt5.5152.win64_msvc2019_64/5.15.2-0-202011130602qtsensors-Windows-Windows_10-MSVC2019-Windows-Windows_10-X86_64.7z
2026-08-14 22:22:03,018 - aqt.helper - DEBUG - helper 59684 Asked to redirect(302) to: https://mirrors.sau.edu.cn/qt/online/qtsdkrepository/windows_x86/desktop/qt5_5152/qt.qt5.5152.win64_msvc2019_64/5.15.2-0-202011130602qtsensors-Windows-Windows_10-MSVC2019-Windows-Windows_10-X86_64.7z
2026-08-14 22:22:03,018 - aqt.helper - INFO - helper 59684 Redirected: mirrors.sau.edu.cn
2026-08-14 22:22:05,039 - aqt.installer - INFO - installer 59684 Finished installation of qtsensors-Windows-Windows_10-MSVC2019-Windows-Windows_10-X86_64.7z in 9.34678010
2026-08-14 22:22:05,057 - aqt.helper - DEBUG - helper 59684 Attempt to download checksum at https://download.qt.io/online/qtsdkrepository/windows_x86/desktop/qt5_5152/qt.qt5.5152.win64_msvc2019_64/5.15.2-0-202011130602qtwebsockets-Windows-Windows_10-MSVC2019-Windows-Windows_10-X86_64.7z.sha256
2026-08-14 22:22:07,894 - aqt.helper - INFO - helper 59684 Downloading qtwebsockets...
2026-08-14 22:22:07,894 - aqt.installer - DEBUG - installer 59684 Download URL: https://download.qt.io/online/qtsdkrepository/windows_x86/desktop/qt5_5152/qt.qt5.5152.win64_msvc2019_64/5.15.2-0-202011130602qtwebsockets-Windows-Windows_10-MSVC2019-Windows-Windows_10-X86_64.7z
2026-08-14 22:22:08,149 - aqt.installer - INFO - installer 84376 Finished installation of qtdeclarative-Windows-Windows_10-MSVC2019-Windows-Windows_10-X86_64.7z in 38.20442720
2026-08-14 22:22:08,161 - aqt.helper - DEBUG - helper 84376 Attempt to download checksum at https://download.qt.io/online/qtsdkrepository/windows_x86/desktop/qt5_5152/qt.qt5.5152.win64_msvc2019_64/5.15.2-0-202011130602qtwebchannel-Windows-Windows_10-MSVC2019-Windows-Windows_10-X86_64.7z.sha256
2026-08-14 22:22:09,109 - aqt.helper - INFO - helper 84376 Downloading qtwebchannel...
2026-08-14 22:22:09,109 - aqt.installer - DEBUG - installer 84376 Download URL: https://download.qt.io/online/qtsdkrepository/windows_x86/desktop/qt5_5152/qt.qt5.5152.win64_msvc2019_64/5.15.2-0-202011130602qtwebchannel-Windows-Windows_10-MSVC2019-Windows-Windows_10-X86_64.7z
2026-08-14 22:22:09,161 - aqt.helper - DEBUG - helper 59684 Asked to redirect(302) to: https://mirrors.sau.edu.cn/qt/online/qtsdkrepository/windows_x86/desktop/qt5_5152/qt.qt5.5152.win64_msvc2019_64/5.15.2-0-202011130602qtwebsockets-Windows-Windows_10-MSVC2019-Windows-Windows_10-X86_64.7z
2026-08-14 22:22:09,161 - aqt.helper - INFO - helper 59684 Redirected: mirrors.sau.edu.cn
2026-08-14 22:22:11,012 - aqt.helper - DEBUG - helper 84376 Asked to redirect(302) to: https://mirrors.sau.edu.cn/qt/online/qtsdkrepository/windows_x86/desktop/qt5_5152/qt.qt5.5152.win64_msvc2019_64/5.15.2-0-202011130602qtwebchannel-Windows-Windows_10-MSVC2019-Windows-Windows_10-X86_64.7z
2026-08-14 22:22:11,013 - aqt.helper - INFO - helper 84376 Redirected: mirrors.sau.edu.cn
2026-08-14 22:22:12,367 - aqt.installer - INFO - installer 84376 Finished installation of qtwebchannel-Windows-Windows_10-MSVC2019-Windows-Windows_10-X86_64.7z in 4.20736800
2026-08-14 22:22:12,380 - aqt.helper - DEBUG - helper 84376 Attempt to download checksum at https://download.qt.io/online/qtsdkrepository/windows_x86/desktop/qt5_5152/qt.qt5.5152.win64_msvc2019_64/5.15.2-0-202011130602qtlocation-Windows-Windows_10-MSVC2019-Windows-Windows_10-X86_64.7z.sha256
2026-08-14 22:22:13,400 - aqt.installer - INFO - installer 59684 Finished installation of qtwebsockets-Windows-Windows_10-MSVC2019-Windows-Windows_10-X86_64.7z in 8.34577030
2026-08-14 22:22:13,412 - aqt.helper - DEBUG - helper 59684 Attempt to download checksum at https://download.qt.io/online/qtsdkrepository/windows_x86/desktop/qt5_5152/qt.qt5.5152.win64_msvc2019_64/5.15.2-0-202011130602qtserialport-Windows-Windows_10-MSVC2019-Windows-Windows_10-X86_64.7z.sha256
2026-08-14 22:22:13,420 - aqt.helper - INFO - helper 84376 Downloading qtlocation...
2026-08-14 22:22:13,421 - aqt.installer - DEBUG - installer 84376 Download URL: https://download.qt.io/online/qtsdkrepository/windows_x86/desktop/qt5_5152/qt.qt5.5152.win64_msvc2019_64/5.15.2-0-202011130602qtlocation-Windows-Windows_10-MSVC2019-Windows-Windows_10-X86_64.7z
2026-08-14 22:22:15,327 - aqt.helper - INFO - helper 59684 Downloading qtserialport...
2026-08-14 22:22:15,327 - aqt.installer - DEBUG - installer 59684 Download URL: https://download.qt.io/online/qtsdkrepository/windows_x86/desktop/qt5_5152/qt.qt5.5152.win64_msvc2019_64/5.15.2-0-202011130602qtserialport-Windows-Windows_10-MSVC2019-Windows-Windows_10-X86_64.7z
2026-08-14 22:22:17,887 - aqt.helper - DEBUG - helper 84376 Asked to redirect(302) to: https://mirrors.sau.edu.cn/qt/online/qtsdkrepository/windows_x86/desktop/qt5_5152/qt.qt5.5152.win64_msvc2019_64/5.15.2-0-202011130602qtlocation-Windows-Windows_10-MSVC2019-Windows-Windows_10-X86_64.7z
2026-08-14 22:22:17,887 - aqt.helper - INFO - helper 84376 Redirected: mirrors.sau.edu.cn
2026-08-14 22:22:18,902 - aqt.helper - DEBUG - helper 59684 Asked to redirect(302) to: https://mirrors.sau.edu.cn/qt/online/qtsdkrepository/windows_x86/desktop/qt5_5152/qt.qt5.5152.win64_msvc2019_64/5.15.2-0-202011130602qtserialport-Windows-Windows_10-MSVC2019-Windows-Windows_10-X86_64.7z
2026-08-14 22:22:18,902 - aqt.helper - INFO - helper 59684 Redirected: mirrors.sau.edu.cn
2026-08-14 22:22:20,003 - aqt.installer - INFO - installer 59684 Finished installation of qtserialport-Windows-Windows_10-MSVC2019-Windows-Windows_10-X86_64.7z in 6.59306790
2026-08-14 22:22:20,014 - aqt.helper - DEBUG - helper 59684 Attempt to download checksum at https://download.qt.io/online/qtsdkrepository/windows_x86/desktop/qt5_5152/qt.qt5.5152.win64_msvc2019_64/5.15.2-0-202011130602qtquickcontrols-Windows-Windows_10-MSVC2019-Windows-Windows_10-X86_64.7z.sha256
2026-08-14 22:22:22,160 - aqt.helper - INFO - helper 59684 Downloading qtquickcontrols...
2026-08-14 22:22:22,160 - aqt.installer - DEBUG - installer 59684 Download URL: https://download.qt.io/online/qtsdkrepository/windows_x86/desktop/qt5_5152/qt.qt5.5152.win64_msvc2019_64/5.15.2-0-202011130602qtquickcontrols-Windows-Windows_10-MSVC2019-Windows-Windows_10-X86_64.7z
2026-08-14 22:22:26,650 - aqt.helper - DEBUG - helper 59684 Asked to redirect(302) to: https://mirrors.sau.edu.cn/qt/online/qtsdkrepository/windows_x86/desktop/qt5_5152/qt.qt5.5152.win64_msvc2019_64/5.15.2-0-202011130602qtquickcontrols-Windows-Windows_10-MSVC2019-Windows-Windows_10-X86_64.7z
2026-08-14 22:22:26,650 - aqt.helper - INFO - helper 59684 Redirected: mirrors.sau.edu.cn
2026-08-14 22:22:27,664 - aqt.installer - INFO - installer 84376 Finished installation of qtlocation-Windows-Windows_10-MSVC2019-Windows-Windows_10-X86_64.7z in 15.28524570
2026-08-14 22:22:27,682 - aqt.helper - DEBUG - helper 84376 Attempt to download checksum at https://download.qt.io/online/qtsdkrepository/windows_x86/desktop/qt5_5152/qt.qt5.5152.win64_msvc2019_64/5.15.2-0-202011130602qtquickcontrols2-Windows-Windows_10-MSVC2019-Windows-Windows_10-X86_64.7z.sha256
2026-08-14 22:22:28,584 - aqt.helper - INFO - helper 84376 Downloading qtquickcontrols2...
2026-08-14 22:22:28,584 - aqt.installer - DEBUG - installer 84376 Download URL: https://download.qt.io/online/qtsdkrepository/windows_x86/desktop/qt5_5152/qt.qt5.5152.win64_msvc2019_64/5.15.2-0-202011130602qtquickcontrols2-Windows-Windows_10-MSVC2019-Windows-Windows_10-X86_64.7z
2026-08-14 22:22:32,576 - aqt.installer - INFO - installer 59684 Finished installation of qtquickcontrols-Windows-Windows_10-MSVC2019-Windows-Windows_10-X86_64.7z in 12.56455910
2026-08-14 22:22:33,090 - aqt.helper - DEBUG - helper 70640 Attempt to download checksum at https://download.qt.io/online/qtsdkrepository/windows_x86/desktop/qt5_5152/qt.qt5.5152.win64_msvc2019_64/5.15.2-0-202011130602qtwebview-Windows-Windows_10-MSVC2019-Windows-Windows_10-X86_64.7z.sha256
2026-08-14 22:22:34,776 - aqt.helper - INFO - helper 70640 Downloading qtwebview...
2026-08-14 22:22:34,777 - aqt.installer - DEBUG - installer 70640 Download URL: https://download.qt.io/online/qtsdkrepository/windows_x86/desktop/qt5_5152/qt.qt5.5152.win64_msvc2019_64/5.15.2-0-202011130602qtwebview-Windows-Windows_10-MSVC2019-Windows-Windows_10-X86_64.7z
2026-08-14 22:22:36,482 - aqt.helper - DEBUG - helper 70640 Asked to redirect(302) to: https://mirrors.sau.edu.cn/qt/online/qtsdkrepository/windows_x86/desktop/qt5_5152/qt.qt5.5152.win64_msvc2019_64/5.15.2-0-202011130602qtwebview-Windows-Windows_10-MSVC2019-Windows-Windows_10-X86_64.7z
2026-08-14 22:22:36,482 - aqt.helper - INFO - helper 70640 Redirected: mirrors.sau.edu.cn
2026-08-14 22:22:40,879 - aqt.helper - DEBUG - helper 84376 Asked to redirect(302) to: https://mirrors.sau.edu.cn/qt/online/qtsdkrepository/windows_x86/desktop/qt5_5152/qt.qt5.5152.win64_msvc2019_64/5.15.2-0-202011130602qtquickcontrols2-Windows-Windows_10-MSVC2019-Windows-Windows_10-X86_64.7z
2026-08-14 22:22:40,879 - aqt.helper - INFO - helper 84376 Redirected: mirrors.sau.edu.cn
2026-08-14 22:22:42,075 - aqt.installer - INFO - installer 70640 Finished installation of qtwebview-Windows-Windows_10-MSVC2019-Windows-Windows_10-X86_64.7z in 8.98694650
2026-08-14 22:22:42,087 - aqt.helper - DEBUG - helper 70640 Attempt to download checksum at https://download.qt.io/online/qtsdkrepository/windows_x86/desktop/qt5_5152/qt.qt5.5152.win64_msvc2019_64/5.15.2-0-202011130602qtserialbus-Windows-Windows_10-MSVC2019-Windows-Windows_10-X86_64.7z.sha256
2026-08-14 22:22:42,955 - aqt.helper - INFO - helper 70640 Downloading qtserialbus...
2026-08-14 22:22:42,956 - aqt.installer - DEBUG - installer 70640 Download URL: https://download.qt.io/online/qtsdkrepository/windows_x86/desktop/qt5_5152/qt.qt5.5152.win64_msvc2019_64/5.15.2-0-202011130602qtserialbus-Windows-Windows_10-MSVC2019-Windows-Windows_10-X86_64.7z
2026-08-14 22:22:45,428 - aqt.helper - DEBUG - helper 70640 Asked to redirect(302) to: https://mirrors.sau.edu.cn/qt/online/qtsdkrepository/windows_x86/desktop/qt5_5152/qt.qt5.5152.win64_msvc2019_64/5.15.2-0-202011130602qtserialbus-Windows-Windows_10-MSVC2019-Windows-Windows_10-X86_64.7z
2026-08-14 22:22:45,428 - aqt.helper - INFO - helper 70640 Redirected: mirrors.sau.edu.cn
2026-08-14 22:22:50,266 - aqt.installer - INFO - installer 74624 Finished installation of qttools-Windows-Windows_10-MSVC2019-Windows-Windows_10-X86_64.7z in 63.11740170
2026-08-14 22:22:50,279 - aqt.helper - DEBUG - helper 74624 Attempt to download checksum at https://download.qt.io/online/qtsdkrepository/windows_x86/desktop/qt5_5152/qt.qt5.5152.win64_msvc2019_64/5.15.2-0-202011130602qtxmlpatterns-Windows-Windows_10-MSVC2019-Windows-Windows_10-X86_64.7z.sha256
2026-08-14 22:22:51,502 - aqt.helper - INFO - helper 74624 Downloading qtxmlpatterns...
2026-08-14 22:22:51,502 - aqt.installer - DEBUG - installer 74624 Download URL: https://download.qt.io/online/qtsdkrepository/windows_x86/desktop/qt5_5152/qt.qt5.5152.win64_msvc2019_64/5.15.2-0-202011130602qtxmlpatterns-Windows-Windows_10-MSVC2019-Windows-Windows_10-X86_64.7z
2026-08-14 22:22:52,432 - aqt.helper - DEBUG - helper 74624 Asked to redirect(302) to: https://mirrors.sau.edu.cn/qt/online/qtsdkrepository/windows_x86/desktop/qt5_5152/qt.qt5.5152.win64_msvc2019_64/5.15.2-0-202011130602qtxmlpatterns-Windows-Windows_10-MSVC2019-Windows-Windows_10-X86_64.7z
2026-08-14 22:22:52,432 - aqt.helper - INFO - helper 74624 Redirected: mirrors.sau.edu.cn
2026-08-14 22:22:57,924 - aqt.installer - INFO - installer 70640 Finished installation of qtserialbus-Windows-Windows_10-MSVC2019-Windows-Windows_10-X86_64.7z in 15.83851290
2026-08-14 22:22:57,940 - aqt.helper - DEBUG - helper 70640 Attempt to download checksum at https://download.qt.io/online/qtsdkrepository/windows_x86/desktop/qt5_5152/qt.qt5.5152.win64_msvc2019_64/5.15.2-0-202011130602qtscxml-Windows-Windows_10-MSVC2019-Windows-Windows_10-X86_64.7z.sha256
2026-08-14 22:22:59,005 - aqt.helper - INFO - helper 70640 Downloading qtscxml...
2026-08-14 22:22:59,006 - aqt.installer - DEBUG - installer 70640 Download URL: https://download.qt.io/online/qtsdkrepository/windows_x86/desktop/qt5_5152/qt.qt5.5152.win64_msvc2019_64/5.15.2-0-202011130602qtscxml-Windows-Windows_10-MSVC2019-Windows-Windows_10-X86_64.7z
2026-08-14 22:23:02,660 - aqt.installer - INFO - installer 74624 Finished installation of qtxmlpatterns-Windows-Windows_10-MSVC2019-Windows-Windows_10-X86_64.7z in 12.38411800
2026-08-14 22:23:02,686 - aqt.helper - DEBUG - helper 74624 Attempt to download checksum at https://download.qt.io/online/qtsdkrepository/windows_x86/desktop/qt5_5152/qt.qt5.5152.win64_msvc2019_64/5.15.2-0-202011130602qtspeech-Windows-Windows_10-MSVC2019-Windows-Windows_10-X86_64.7z.sha256
2026-08-14 22:23:04,345 - aqt.installer - INFO - installer 84376 Finished installation of qtquickcontrols2-Windows-Windows_10-MSVC2019-Windows-Windows_10-X86_64.7z in 36.66762170
2026-08-14 22:23:04,362 - aqt.helper - DEBUG - helper 84376 Attempt to download checksum at https://download.qt.io/online/qtsdkrepository/windows_x86/desktop/qt5_5152/qt.qt5.5152.win64_msvc2019_64/5.15.2-0-202011130602qt3d-Windows-Windows_10-MSVC2019-Windows-Windows_10-X86_64.7z.sha256
2026-08-14 22:23:04,472 - aqt.helper - DEBUG - helper 70640 Asked to redirect(302) to: https://mirrors.sau.edu.cn/qt/online/qtsdkrepository/windows_x86/desktop/qt5_5152/qt.qt5.5152.win64_msvc2019_64/5.15.2-0-202011130602qtscxml-Windows-Windows_10-MSVC2019-Windows-Windows_10-X86_64.7z
2026-08-14 22:23:04,472 - aqt.helper - INFO - helper 70640 Redirected: mirrors.sau.edu.cn
2026-08-14 22:23:05,553 - aqt.helper - INFO - helper 74624 Downloading qtspeech...
2026-08-14 22:23:05,553 - aqt.installer - DEBUG - installer 74624 Download URL: https://download.qt.io/online/qtsdkrepository/windows_x86/desktop/qt5_5152/qt.qt5.5152.win64_msvc2019_64/5.15.2-0-202011130602qtspeech-Windows-Windows_10-MSVC2019-Windows-Windows_10-X86_64.7z
2026-08-14 22:23:07,272 - aqt.helper - DEBUG - helper 74624 Asked to redirect(302) to: https://mirrors.sau.edu.cn/qt/online/qtsdkrepository/windows_x86/desktop/qt5_5152/qt.qt5.5152.win64_msvc2019_64/5.15.2-0-202011130602qtspeech-Windows-Windows_10-MSVC2019-Windows-Windows_10-X86_64.7z
2026-08-14 22:23:07,272 - aqt.helper - INFO - helper 74624 Redirected: mirrors.sau.edu.cn
2026-08-14 22:23:07,459 - aqt.installer - INFO - installer 70640 Finished installation of qtscxml-Windows-Windows_10-MSVC2019-Windows-Windows_10-X86_64.7z in 9.52051180
2026-08-14 22:23:07,472 - aqt.helper - DEBUG - helper 70640 Attempt to download checksum at https://download.qt.io/online/qtsdkrepository/windows_x86/desktop/qt5_5152/qt.qt5.5152.win64_msvc2019_64/5.15.2-0-202011130602qtgamepad-Windows-Windows_10-MSVC2019-Windows-Windows_10-X86_64.7z.sha256
2026-08-14 22:23:07,578 - aqt.helper - INFO - helper 84376 Downloading qt3d...
2026-08-14 22:23:07,578 - aqt.installer - DEBUG - installer 84376 Download URL: https://download.qt.io/online/qtsdkrepository/windows_x86/desktop/qt5_5152/qt.qt5.5152.win64_msvc2019_64/5.15.2-0-202011130602qt3d-Windows-Windows_10-MSVC2019-Windows-Windows_10-X86_64.7z
2026-08-14 22:23:09,116 - aqt.helper - INFO - helper 70640 Downloading qtgamepad...
2026-08-14 22:23:09,116 - aqt.installer - DEBUG - installer 70640 Download URL: https://download.qt.io/online/qtsdkrepository/windows_x86/desktop/qt5_5152/qt.qt5.5152.win64_msvc2019_64/5.15.2-0-202011130602qtgamepad-Windows-Windows_10-MSVC2019-Windows-Windows_10-X86_64.7z
2026-08-14 22:23:09,132 - aqt.installer - INFO - installer 74624 Finished installation of qtspeech-Windows-Windows_10-MSVC2019-Windows-Windows_10-X86_64.7z in 6.44792710
2026-08-14 22:23:09,144 - aqt.helper - DEBUG - helper 74624 Attempt to download checksum at https://download.qt.io/online/qtsdkrepository/windows_x86/desktop/qt5_5152/qt.qt5.5152.win64_msvc2019_64/5.15.2-0-202011130602qtremoteobjects-Windows-Windows_10-MSVC2019-Windows-Windows_10-X86_64.7z.sha256
2026-08-14 22:23:10,063 - aqt.helper - DEBUG - helper 84376 Asked to redirect(302) to: https://mirrors.sau.edu.cn/qt/online/qtsdkrepository/windows_x86/desktop/qt5_5152/qt.qt5.5152.win64_msvc2019_64/5.15.2-0-202011130602qt3d-Windows-Windows_10-MSVC2019-Windows-Windows_10-X86_64.7z
2026-08-14 22:23:10,063 - aqt.helper - INFO - helper 84376 Redirected: mirrors.sau.edu.cn
2026-08-14 22:23:10,379 - aqt.helper - DEBUG - helper 70640 Asked to redirect(302) to: https://mirrors.sau.edu.cn/qt/online/qtsdkrepository/windows_x86/desktop/qt5_5152/qt.qt5.5152.win64_msvc2019_64/5.15.2-0-202011130602qtgamepad-Windows-Windows_10-MSVC2019-Windows-Windows_10-X86_64.7z
2026-08-14 22:23:10,379 - aqt.helper - INFO - helper 70640 Redirected: mirrors.sau.edu.cn
2026-08-14 22:23:10,522 - aqt.helper - INFO - helper 74624 Downloading qtremoteobjects...
2026-08-14 22:23:10,523 - aqt.installer - DEBUG - installer 74624 Download URL: https://download.qt.io/online/qtsdkrepository/windows_x86/desktop/qt5_5152/qt.qt5.5152.win64_msvc2019_64/5.15.2-0-202011130602qtremoteobjects-Windows-Windows_10-MSVC2019-Windows-Windows_10-X86_64.7z
2026-08-14 22:23:11,310 - aqt.installer - INFO - installer 70640 Finished installation of qtgamepad-Windows-Windows_10-MSVC2019-Windows-Windows_10-X86_64.7z in 3.84129470
2026-08-14 22:23:11,330 - aqt.helper - DEBUG - helper 70640 Attempt to download checksum at https://download.qt.io/online/qtsdkrepository/windows_x86/desktop/qt5_5152/qt.qt5.5152.win64_msvc2019_64/5.15.2-0-202011130602d3dcompiler_47-x64.7z.sha256
2026-08-14 22:23:12,149 - aqt.helper - DEBUG - helper 74624 Asked to redirect(302) to: https://mirrors.sau.edu.cn/qt/online/qtsdkrepository/windows_x86/desktop/qt5_5152/qt.qt5.5152.win64_msvc2019_64/5.15.2-0-202011130602qtremoteobjects-Windows-Windows_10-MSVC2019-Windows-Windows_10-X86_64.7z
2026-08-14 22:23:12,150 - aqt.helper - INFO - helper 74624 Redirected: mirrors.sau.edu.cn
2026-08-14 22:23:14,682 - aqt.installer - INFO - installer 74624 Finished installation of qtremoteobjects-Windows-Windows_10-MSVC2019-Windows-Windows_10-X86_64.7z in 5.53989050
2026-08-14 22:23:17,894 - aqt.helper - INFO - helper 70640 Downloading d3dcompiler_47...
2026-08-14 22:23:17,894 - aqt.installer - DEBUG - installer 70640 Download URL: https://download.qt.io/online/qtsdkrepository/windows_x86/desktop/qt5_5152/qt.qt5.5152.win64_msvc2019_64/5.15.2-0-202011130602d3dcompiler_47-x64.7z
2026-08-14 22:23:18,983 - aqt.helper - DEBUG - helper 70640 Asked to redirect(302) to: https://mirrors.sau.edu.cn/qt/online/qtsdkrepository/windows_x86/desktop/qt5_5152/qt.qt5.5152.win64_msvc2019_64/5.15.2-0-202011130602d3dcompiler_47-x64.7z
2026-08-14 22:23:18,983 - aqt.helper - INFO - helper 70640 Redirected: mirrors.sau.edu.cn
2026-08-14 22:23:21,886 - aqt.installer - INFO - installer 70640 Finished installation of d3dcompiler_47-x64.7z in 10.55726760
2026-08-14 22:23:21,899 - aqt.helper - DEBUG - helper 70640 Attempt to download checksum at https://download.qt.io/online/qtsdkrepository/windows_x86/desktop/qt5_5152/qt.qt5.5152.win64_msvc2019_64/5.15.2-0-202011130602opengl32sw-64-mesa_12_0_rc2.7z.sha256
2026-08-14 22:23:22,804 - aqt.helper - INFO - helper 70640 Downloading opengl32sw...
2026-08-14 22:23:22,805 - aqt.installer - DEBUG - installer 70640 Download URL: https://download.qt.io/online/qtsdkrepository/windows_x86/desktop/qt5_5152/qt.qt5.5152.win64_msvc2019_64/5.15.2-0-202011130602opengl32sw-64-mesa_12_0_rc2.7z
2026-08-14 22:23:23,825 - aqt.helper - DEBUG - helper 70640 Asked to redirect(302) to: https://mirrors.sau.edu.cn/qt/online/qtsdkrepository/windows_x86/desktop/qt5_5152/qt.qt5.5152.win64_msvc2019_64/5.15.2-0-202011130602opengl32sw-64-mesa_12_0_rc2.7z
2026-08-14 22:23:23,825 - aqt.helper - INFO - helper 70640 Redirected: mirrors.sau.edu.cn
2026-08-14 22:23:29,892 - aqt.installer - INFO - installer 60060 Finished installation of qtbase-Windows-Windows_10-MSVC2019-Windows-Windows_10-X86_64.7z in 128.73636120
2026-08-14 22:23:29,911 - aqt.helper - DEBUG - helper 60060 Attempt to download checksum at https://download.qt.io/online/qtsdkrepository/windows_x86/desktop/qt5_5152/qt.qt5.5152.win64_msvc2019_64/5.15.2-0-202011130602qtconnectivity-Windows-Windows_10-MSVC2019-Windows-Windows_10-X86_64.7z.sha256
2026-08-14 22:23:30,912 - aqt.helper - INFO - helper 60060 Downloading qtconnectivity...
2026-08-14 22:23:30,912 - aqt.installer - DEBUG - installer 60060 Download URL: https://download.qt.io/online/qtsdkrepository/windows_x86/desktop/qt5_5152/qt.qt5.5152.win64_msvc2019_64/5.15.2-0-202011130602qtconnectivity-Windows-Windows_10-MSVC2019-Windows-Windows_10-X86_64.7z
2026-08-14 22:23:33,176 - aqt.helper - DEBUG - helper 60060 Asked to redirect(302) to: https://mirrors.sau.edu.cn/qt/online/qtsdkrepository/windows_x86/desktop/qt5_5152/qt.qt5.5152.win64_msvc2019_64/5.15.2-0-202011130602qtconnectivity-Windows-Windows_10-MSVC2019-Windows-Windows_10-X86_64.7z
2026-08-14 22:23:33,176 - aqt.helper - INFO - helper 60060 Redirected: mirrors.sau.edu.cn
2026-08-14 22:23:37,178 - aqt.installer - INFO - installer 84376 Finished installation of qt3d-Windows-Windows_10-MSVC2019-Windows-Windows_10-X86_64.7z in 32.81973520
2026-08-14 22:23:38,618 - aqt.installer - INFO - installer 70640 Finished installation of opengl32sw-64-mesa_12_0_rc2.7z in 16.72104400
2026-08-14 22:23:40,301 - aqt.installer - INFO - installer 60060 Finished installation of qtconnectivity-Windows-Windows_10-MSVC2019-Windows-Windows_10-X86_64.7z in 10.39193530
2026-08-14 22:23:40,650 - aqt.updater - INFO - updater 75332 Patching D:\Qt\5.15.2\msvc2019_64\bin\qmake.exe
2026-08-14 22:23:40,660 - aqt.updater - INFO - updater 75332 Patching D:\Qt\5.15.2\msvc2019_64\lib\libEGL.prl
2026-08-14 22:23:40,670 - aqt.updater - INFO - updater 75332 Patching D:\Qt\5.15.2\msvc2019_64\lib\libEGLd.prl
2026-08-14 22:23:40,680 - aqt.updater - INFO - updater 75332 Patching D:\Qt\5.15.2\msvc2019_64\lib\libGLESv2.prl
2026-08-14 22:23:40,692 - aqt.updater - INFO - updater 75332 Patching D:\Qt\5.15.2\msvc2019_64\lib\libGLESv2d.prl
2026-08-14 22:23:40,702 - aqt.updater - INFO - updater 75332 Patching D:\Qt\5.15.2\msvc2019_64\lib\Qt53DAnimation.prl
2026-08-14 22:23:40,718 - aqt.updater - INFO - updater 75332 Patching D:\Qt\5.15.2\msvc2019_64\lib\Qt53DAnimationd.prl
2026-08-14 22:23:40,735 - aqt.updater - INFO - updater 75332 Patching D:\Qt\5.15.2\msvc2019_64\lib\Qt53DCore.prl
2026-08-14 22:23:40,747 - aqt.updater - INFO - updater 75332 Patching D:\Qt\5.15.2\msvc2019_64\lib\Qt53DCored.prl
2026-08-14 22:23:40,761 - aqt.updater - INFO - updater 75332 Patching D:\Qt\5.15.2\msvc2019_64\lib\Qt53DExtras.prl
2026-08-14 22:23:40,771 - aqt.updater - INFO - updater 75332 Patching D:\Qt\5.15.2\msvc2019_64\lib\Qt53DExtrasd.prl
2026-08-14 22:23:40,781 - aqt.updater - INFO - updater 75332 Patching D:\Qt\5.15.2\msvc2019_64\lib\Qt53DInput.prl
2026-08-14 22:23:40,790 - aqt.updater - INFO - updater 75332 Patching D:\Qt\5.15.2\msvc2019_64\lib\Qt53DInputd.prl
2026-08-14 22:23:40,803 - aqt.updater - INFO - updater 75332 Patching D:\Qt\5.15.2\msvc2019_64\lib\Qt53DLogic.prl
2026-08-14 22:23:40,812 - aqt.updater - INFO - updater 75332 Patching D:\Qt\5.15.2\msvc2019_64\lib\Qt53DLogicd.prl
2026-08-14 22:23:40,821 - aqt.updater - INFO - updater 75332 Patching D:\Qt\5.15.2\msvc2019_64\lib\Qt53DQuick.prl
2026-08-14 22:23:40,830 - aqt.updater - INFO - updater 75332 Patching D:\Qt\5.15.2\msvc2019_64\lib\Qt53DQuickAnimation.prl
2026-08-14 22:23:40,847 - aqt.updater - INFO - updater 75332 Patching D:\Qt\5.15.2\msvc2019_64\lib\Qt53DQuickAnimationd.prl
2026-08-14 22:23:40,863 - aqt.updater - INFO - updater 75332 Patching D:\Qt\5.15.2\msvc2019_64\lib\Qt53DQuickd.prl
2026-08-14 22:23:40,874 - aqt.updater - INFO - updater 75332 Patching D:\Qt\5.15.2\msvc2019_64\lib\Qt53DQuickExtras.prl
2026-08-14 22:23:40,885 - aqt.updater - INFO - updater 75332 Patching D:\Qt\5.15.2\msvc2019_64\lib\Qt53DQuickExtrasd.prl
2026-08-14 22:23:40,894 - aqt.updater - INFO - updater 75332 Patching D:\Qt\5.15.2\msvc2019_64\lib\Qt53DQuickInput.prl
2026-08-14 22:23:40,909 - aqt.updater - INFO - updater 75332 Patching D:\Qt\5.15.2\msvc2019_64\lib\Qt53DQuickInputd.prl
2026-08-14 22:23:40,922 - aqt.updater - INFO - updater 75332 Patching D:\Qt\5.15.2\msvc2019_64\lib\Qt53DQuickRender.prl
2026-08-14 22:23:40,936 - aqt.updater - INFO - updater 75332 Patching D:\Qt\5.15.2\msvc2019_64\lib\Qt53DQuickRenderd.prl
2026-08-14 22:23:40,949 - aqt.updater - INFO - updater 75332 Patching D:\Qt\5.15.2\msvc2019_64\lib\Qt53DQuickScene2D.prl
2026-08-14 22:23:40,960 - aqt.updater - INFO - updater 75332 Patching D:\Qt\5.15.2\msvc2019_64\lib\Qt53DQuickScene2Dd.prl
2026-08-14 22:23:40,972 - aqt.updater - INFO - updater 75332 Patching D:\Qt\5.15.2\msvc2019_64\lib\Qt53DRender.prl
2026-08-14 22:23:40,986 - aqt.updater - INFO - updater 75332 Patching D:\Qt\5.15.2\msvc2019_64\lib\Qt53DRenderd.prl
2026-08-14 22:23:40,996 - aqt.updater - INFO - updater 75332 Patching D:\Qt\5.15.2\msvc2019_64\lib\Qt5AccessibilitySupport.prl
2026-08-14 22:23:41,010 - aqt.updater - INFO - updater 75332 Patching D:\Qt\5.15.2\msvc2019_64\lib\Qt5AccessibilitySupportd.prl
2026-08-14 22:23:41,020 - aqt.updater - INFO - updater 75332 Patching D:\Qt\5.15.2\msvc2019_64\lib\Qt5AxBase.prl
2026-08-14 22:23:41,033 - aqt.updater - INFO - updater 75332 Patching D:\Qt\5.15.2\msvc2019_64\lib\Qt5AxBased.prl
2026-08-14 22:23:41,046 - aqt.updater - INFO - updater 75332 Patching D:\Qt\5.15.2\msvc2019_64\lib\Qt5AxContainer.prl
2026-08-14 22:23:41,063 - aqt.updater - INFO - updater 75332 Patching D:\Qt\5.15.2\msvc2019_64\lib\Qt5AxContainerd.prl
2026-08-14 22:23:41,075 - aqt.updater - INFO - updater 75332 Patching D:\Qt\5.15.2\msvc2019_64\lib\Qt5AxServer.prl
2026-08-14 22:23:41,088 - aqt.updater - INFO - updater 75332 Patching D:\Qt\5.15.2\msvc2019_64\lib\Qt5AxServerd.prl
2026-08-14 22:23:41,100 - aqt.updater - INFO - updater 75332 Patching D:\Qt\5.15.2\msvc2019_64\lib\Qt5Bluetooth.prl
2026-08-14 22:23:41,113 - aqt.updater - INFO - updater 75332 Patching D:\Qt\5.15.2\msvc2019_64\lib\Qt5Bluetoothd.prl
2026-08-14 22:23:41,127 - aqt.updater - INFO - updater 75332 Patching D:\Qt\5.15.2\msvc2019_64\lib\Qt5Bootstrap.prl
2026-08-14 22:23:41,143 - aqt.updater - INFO - updater 75332 Patching D:\Qt\5.15.2\msvc2019_64\lib\Qt5Concurrent.prl
2026-08-14 22:23:41,155 - aqt.updater - INFO - updater 75332 Patching D:\Qt\5.15.2\msvc2019_64\lib\Qt5Concurrentd.prl
2026-08-14 22:23:41,168 - aqt.updater - INFO - updater 75332 Patching D:\Qt\5.15.2\msvc2019_64\lib\Qt5Core.prl
2026-08-14 22:23:41,183 - aqt.updater - INFO - updater 75332 Patching D:\Qt\5.15.2\msvc2019_64\lib\Qt5Cored.prl
2026-08-14 22:23:41,196 - aqt.updater - INFO - updater 75332 Patching D:\Qt\5.15.2\msvc2019_64\lib\Qt5DBus.prl
2026-08-14 22:23:41,210 - aqt.updater - INFO - updater 75332 Patching D:\Qt\5.15.2\msvc2019_64\lib\Qt5DBusd.prl
2026-08-14 22:23:41,222 - aqt.updater - INFO - updater 75332 Patching D:\Qt\5.15.2\msvc2019_64\lib\Qt5Designer.prl
2026-08-14 22:23:41,241 - aqt.updater - INFO - updater 75332 Patching D:\Qt\5.15.2\msvc2019_64\lib\Qt5DesignerComponents.prl
2026-08-14 22:23:41,265 - aqt.updater - INFO - updater 75332 Patching D:\Qt\5.15.2\msvc2019_64\lib\Qt5DesignerComponentsd.prl
2026-08-14 22:23:41,281 - aqt.updater - INFO - updater 75332 Patching D:\Qt\5.15.2\msvc2019_64\lib\Qt5Designerd.prl
2026-08-14 22:23:41,293 - aqt.updater - INFO - updater 75332 Patching D:\Qt\5.15.2\msvc2019_64\lib\Qt5DeviceDiscoverySupport.prl
2026-08-14 22:23:41,309 - aqt.updater - INFO - updater 75332 Patching D:\Qt\5.15.2\msvc2019_64\lib\Qt5DeviceDiscoverySupportd.prl
2026-08-14 22:23:41,326 - aqt.updater - INFO - updater 75332 Patching D:\Qt\5.15.2\msvc2019_64\lib\Qt5EdidSupport.prl
2026-08-14 22:23:41,337 - aqt.updater - INFO - updater 75332 Patching D:\Qt\5.15.2\msvc2019_64\lib\Qt5EdidSupportd.prl
2026-08-14 22:23:41,355 - aqt.updater - INFO - updater 75332 Patching D:\Qt\5.15.2\msvc2019_64\lib\Qt5EglSupport.prl
2026-08-14 22:23:41,373 - aqt.updater - INFO - updater 75332 Patching D:\Qt\5.15.2\msvc2019_64\lib\Qt5EglSupportd.prl
2026-08-14 22:23:41,391 - aqt.updater - INFO - updater 75332 Patching D:\Qt\5.15.2\msvc2019_64\lib\Qt5EventDispatcherSupport.prl
2026-08-14 22:23:41,409 - aqt.updater - INFO - updater 75332 Patching D:\Qt\5.15.2\msvc2019_64\lib\Qt5EventDispatcherSupportd.prl
2026-08-14 22:23:41,427 - aqt.updater - INFO - updater 75332 Patching D:\Qt\5.15.2\msvc2019_64\lib\Qt5FbSupport.prl
2026-08-14 22:23:41,443 - aqt.updater - INFO - updater 75332 Patching D:\Qt\5.15.2\msvc2019_64\lib\Qt5FbSupportd.prl
2026-08-14 22:23:41,465 - aqt.updater - INFO - updater 75332 Patching D:\Qt\5.15.2\msvc2019_64\lib\Qt5FontDatabaseSupport.prl
2026-08-14 22:23:41,480 - aqt.updater - INFO - updater 75332 Patching D:\Qt\5.15.2\msvc2019_64\lib\Qt5FontDatabaseSupportd.prl
2026-08-14 22:23:41,497 - aqt.updater - INFO - updater 75332 Patching D:\Qt\5.15.2\msvc2019_64\lib\Qt5Gamepad.prl
2026-08-14 22:23:41,509 - aqt.updater - INFO - updater 75332 Patching D:\Qt\5.15.2\msvc2019_64\lib\Qt5Gamepadd.prl
2026-08-14 22:23:41,524 - aqt.updater - INFO - updater 75332 Patching D:\Qt\5.15.2\msvc2019_64\lib\Qt5Gui.prl
2026-08-14 22:23:41,538 - aqt.updater - INFO - updater 75332 Patching D:\Qt\5.15.2\msvc2019_64\lib\Qt5Guid.prl
2026-08-14 22:23:41,550 - aqt.updater - INFO - updater 75332 Patching D:\Qt\5.15.2\msvc2019_64\lib\Qt5Help.prl
2026-08-14 22:23:41,567 - aqt.updater - INFO - updater 75332 Patching D:\Qt\5.15.2\msvc2019_64\lib\Qt5Helpd.prl
2026-08-14 22:23:41,580 - aqt.updater - INFO - updater 75332 Patching D:\Qt\5.15.2\msvc2019_64\lib\Qt5Location.prl
2026-08-14 22:23:41,600 - aqt.updater - INFO - updater 75332 Patching D:\Qt\5.15.2\msvc2019_64\lib\Qt5Locationd.prl
2026-08-14 22:23:41,614 - aqt.updater - INFO - updater 75332 Patching D:\Qt\5.15.2\msvc2019_64\lib\Qt5Multimedia.prl
2026-08-14 22:23:41,624 - aqt.updater - INFO - updater 75332 Patching D:\Qt\5.15.2\msvc2019_64\lib\Qt5Multimediad.prl
2026-08-14 22:23:41,643 - aqt.updater - INFO - updater 75332 Patching D:\Qt\5.15.2\msvc2019_64\lib\Qt5MultimediaQuick.prl
2026-08-14 22:23:41,658 - aqt.updater - INFO - updater 75332 Patching D:\Qt\5.15.2\msvc2019_64\lib\Qt5MultimediaQuickd.prl
2026-08-14 22:23:41,672 - aqt.updater - INFO - updater 75332 Patching D:\Qt\5.15.2\msvc2019_64\lib\Qt5MultimediaWidgets.prl
2026-08-14 22:23:41,688 - aqt.updater - INFO - updater 75332 Patching D:\Qt\5.15.2\msvc2019_64\lib\Qt5MultimediaWidgetsd.prl
2026-08-14 22:23:41,704 - aqt.updater - INFO - updater 75332 Patching D:\Qt\5.15.2\msvc2019_64\lib\Qt5Network.prl
2026-08-14 22:23:41,719 - aqt.updater - INFO - updater 75332 Patching D:\Qt\5.15.2\msvc2019_64\lib\Qt5Networkd.prl
2026-08-14 22:23:41,732 - aqt.updater - INFO - updater 75332 Patching D:\Qt\5.15.2\msvc2019_64\lib\Qt5Nfc.prl
2026-08-14 22:23:41,750 - aqt.updater - INFO - updater 75332 Patching D:\Qt\5.15.2\msvc2019_64\lib\Qt5Nfcd.prl
2026-08-14 22:23:41,765 - aqt.updater - INFO - updater 75332 Patching D:\Qt\5.15.2\msvc2019_64\lib\Qt5OpenGL.prl
2026-08-14 22:23:41,780 - aqt.updater - INFO - updater 75332 Patching D:\Qt\5.15.2\msvc2019_64\lib\Qt5OpenGLd.prl
2026-08-14 22:23:41,793 - aqt.updater - INFO - updater 75332 Patching D:\Qt\5.15.2\msvc2019_64\lib\Qt5OpenGLExtensions.prl
2026-08-14 22:23:41,809 - aqt.updater - INFO - updater 75332 Patching D:\Qt\5.15.2\msvc2019_64\lib\Qt5OpenGLExtensionsd.prl
2026-08-14 22:23:41,822 - aqt.updater - INFO - updater 75332 Patching D:\Qt\5.15.2\msvc2019_64\lib\Qt5PacketProtocol.prl
2026-08-14 22:23:41,835 - aqt.updater - INFO - updater 75332 Patching D:\Qt\5.15.2\msvc2019_64\lib\Qt5PacketProtocold.prl
2026-08-14 22:23:41,849 - aqt.updater - INFO - updater 75332 Patching D:\Qt\5.15.2\msvc2019_64\lib\Qt5PlatformCompositorSupport.prl
2026-08-14 22:23:41,868 - aqt.updater - INFO - updater 75332 Patching D:\Qt\5.15.2\msvc2019_64\lib\Qt5PlatformCompositorSupportd.prl
2026-08-14 22:23:41,880 - aqt.updater - INFO - updater 75332 Patching D:\Qt\5.15.2\msvc2019_64\lib\Qt5Positioning.prl
2026-08-14 22:23:41,896 - aqt.updater - INFO - updater 75332 Patching D:\Qt\5.15.2\msvc2019_64\lib\Qt5Positioningd.prl
2026-08-14 22:23:41,909 - aqt.updater - INFO - updater 75332 Patching D:\Qt\5.15.2\msvc2019_64\lib\Qt5PositioningQuick.prl
2026-08-14 22:23:41,927 - aqt.updater - INFO - updater 75332 Patching D:\Qt\5.15.2\msvc2019_64\lib\Qt5PositioningQuickd.prl
2026-08-14 22:23:41,942 - aqt.updater - INFO - updater 75332 Patching D:\Qt\5.15.2\msvc2019_64\lib\Qt5PrintSupport.prl
2026-08-14 22:23:41,956 - aqt.updater - INFO - updater 75332 Patching D:\Qt\5.15.2\msvc2019_64\lib\Qt5PrintSupportd.prl
2026-08-14 22:23:41,967 - aqt.updater - INFO - updater 75332 Patching D:\Qt\5.15.2\msvc2019_64\lib\Qt5Qml.prl
2026-08-14 22:23:41,985 - aqt.updater - INFO - updater 75332 Patching D:\Qt\5.15.2\msvc2019_64\lib\Qt5Qmld.prl
2026-08-14 22:23:42,000 - aqt.updater - INFO - updater 75332 Patching D:\Qt\5.15.2\msvc2019_64\lib\Qt5QmlDebug.prl
2026-08-14 22:23:42,014 - aqt.updater - INFO - updater 75332 Patching D:\Qt\5.15.2\msvc2019_64\lib\Qt5QmlDebugd.prl
2026-08-14 22:23:42,028 - aqt.updater - INFO - updater 75332 Patching D:\Qt\5.15.2\msvc2019_64\lib\Qt5QmlDevTools.prl
2026-08-14 22:23:42,040 - aqt.updater - INFO - updater 75332 Patching D:\Qt\5.15.2\msvc2019_64\lib\Qt5QmlModels.prl
2026-08-14 22:23:42,057 - aqt.updater - INFO - updater 75332 Patching D:\Qt\5.15.2\msvc2019_64\lib\Qt5QmlModelsd.prl
2026-08-14 22:23:42,072 - aqt.updater - INFO - updater 75332 Patching D:\Qt\5.15.2\msvc2019_64\lib\Qt5QmlWorkerScript.prl
2026-08-14 22:23:42,087 - aqt.updater - INFO - updater 75332 Patching D:\Qt\5.15.2\msvc2019_64\lib\Qt5QmlWorkerScriptd.prl
2026-08-14 22:23:42,100 - aqt.updater - INFO - updater 75332 Patching D:\Qt\5.15.2\msvc2019_64\lib\Qt5Quick.prl
2026-08-14 22:23:42,114 - aqt.updater - INFO - updater 75332 Patching D:\Qt\5.15.2\msvc2019_64\lib\Qt5QuickControls2.prl
2026-08-14 22:23:42,129 - aqt.updater - INFO - updater 75332 Patching D:\Qt\5.15.2\msvc2019_64\lib\Qt5QuickControls2d.prl
2026-08-14 22:23:42,143 - aqt.updater - INFO - updater 75332 Patching D:\Qt\5.15.2\msvc2019_64\lib\Qt5Quickd.prl
2026-08-14 22:23:42,160 - aqt.updater - INFO - updater 75332 Patching D:\Qt\5.15.2\msvc2019_64\lib\Qt5QuickParticles.prl
2026-08-14 22:23:42,172 - aqt.updater - INFO - updater 75332 Patching D:\Qt\5.15.2\msvc2019_64\lib\Qt5QuickParticlesd.prl
2026-08-14 22:23:42,187 - aqt.updater - INFO - updater 75332 Patching D:\Qt\5.15.2\msvc2019_64\lib\Qt5QuickShapes.prl
2026-08-14 22:23:42,204 - aqt.updater - INFO - updater 75332 Patching D:\Qt\5.15.2\msvc2019_64\lib\Qt5QuickShapesd.prl
2026-08-14 22:23:42,220 - aqt.updater - INFO - updater 75332 Patching D:\Qt\5.15.2\msvc2019_64\lib\Qt5QuickTemplates2.prl
2026-08-14 22:23:42,233 - aqt.updater - INFO - updater 75332 Patching D:\Qt\5.15.2\msvc2019_64\lib\Qt5QuickTemplates2d.prl
2026-08-14 22:23:42,247 - aqt.updater - INFO - updater 75332 Patching D:\Qt\5.15.2\msvc2019_64\lib\Qt5QuickTest.prl
2026-08-14 22:23:42,262 - aqt.updater - INFO - updater 75332 Patching D:\Qt\5.15.2\msvc2019_64\lib\Qt5QuickTestd.prl
2026-08-14 22:23:42,276 - aqt.updater - INFO - updater 75332 Patching D:\Qt\5.15.2\msvc2019_64\lib\Qt5QuickWidgets.prl
2026-08-14 22:23:42,290 - aqt.updater - INFO - updater 75332 Patching D:\Qt\5.15.2\msvc2019_64\lib\Qt5QuickWidgetsd.prl
2026-08-14 22:23:42,302 - aqt.updater - INFO - updater 75332 Patching D:\Qt\5.15.2\msvc2019_64\lib\Qt5RemoteObjects.prl
2026-08-14 22:23:42,318 - aqt.updater - INFO - updater 75332 Patching D:\Qt\5.15.2\msvc2019_64\lib\Qt5RemoteObjectsd.prl
2026-08-14 22:23:42,331 - aqt.updater - INFO - updater 75332 Patching D:\Qt\5.15.2\msvc2019_64\lib\Qt5Scxml.prl
2026-08-14 22:23:42,344 - aqt.updater - INFO - updater 75332 Patching D:\Qt\5.15.2\msvc2019_64\lib\Qt5Scxmld.prl
2026-08-14 22:23:42,357 - aqt.updater - INFO - updater 75332 Patching D:\Qt\5.15.2\msvc2019_64\lib\Qt5Sensors.prl
2026-08-14 22:23:42,367 - aqt.updater - INFO - updater 75332 Patching D:\Qt\5.15.2\msvc2019_64\lib\Qt5Sensorsd.prl
2026-08-14 22:23:42,383 - aqt.updater - INFO - updater 75332 Patching D:\Qt\5.15.2\msvc2019_64\lib\Qt5SerialBus.prl
2026-08-14 22:23:42,400 - aqt.updater - INFO - updater 75332 Patching D:\Qt\5.15.2\msvc2019_64\lib\Qt5SerialBusd.prl
2026-08-14 22:23:42,412 - aqt.updater - INFO - updater 75332 Patching D:\Qt\5.15.2\msvc2019_64\lib\Qt5SerialPort.prl
2026-08-14 22:23:42,426 - aqt.updater - INFO - updater 75332 Patching D:\Qt\5.15.2\msvc2019_64\lib\Qt5SerialPortd.prl
2026-08-14 22:23:42,440 - aqt.updater - INFO - updater 75332 Patching D:\Qt\5.15.2\msvc2019_64\lib\Qt5Sql.prl
2026-08-14 22:23:42,453 - aqt.updater - INFO - updater 75332 Patching D:\Qt\5.15.2\msvc2019_64\lib\Qt5Sqld.prl
2026-08-14 22:23:42,465 - aqt.updater - INFO - updater 75332 Patching D:\Qt\5.15.2\msvc2019_64\lib\Qt5Svg.prl
2026-08-14 22:23:42,479 - aqt.updater - INFO - updater 75332 Patching D:\Qt\5.15.2\msvc2019_64\lib\Qt5Svgd.prl
2026-08-14 22:23:42,491 - aqt.updater - INFO - updater 75332 Patching D:\Qt\5.15.2\msvc2019_64\lib\Qt5Test.prl
2026-08-14 22:23:42,508 - aqt.updater - INFO - updater 75332 Patching D:\Qt\5.15.2\msvc2019_64\lib\Qt5Testd.prl
2026-08-14 22:23:42,522 - aqt.updater - INFO - updater 75332 Patching D:\Qt\5.15.2\msvc2019_64\lib\Qt5TextToSpeech.prl
2026-08-14 22:23:42,534 - aqt.updater - INFO - updater 75332 Patching D:\Qt\5.15.2\msvc2019_64\lib\Qt5TextToSpeechd.prl
2026-08-14 22:23:42,547 - aqt.updater - INFO - updater 75332 Patching D:\Qt\5.15.2\msvc2019_64\lib\Qt5ThemeSupport.prl
2026-08-14 22:23:42,564 - aqt.updater - INFO - updater 75332 Patching D:\Qt\5.15.2\msvc2019_64\lib\Qt5ThemeSupportd.prl
2026-08-14 22:23:42,575 - aqt.updater - INFO - updater 75332 Patching D:\Qt\5.15.2\msvc2019_64\lib\Qt5UiTools.prl
2026-08-14 22:23:42,586 - aqt.updater - INFO - updater 75332 Patching D:\Qt\5.15.2\msvc2019_64\lib\Qt5UiToolsd.prl
2026-08-14 22:23:42,600 - aqt.updater - INFO - updater 75332 Patching D:\Qt\5.15.2\msvc2019_64\lib\Qt5VulkanSupport.prl
2026-08-14 22:23:42,613 - aqt.updater - INFO - updater 75332 Patching D:\Qt\5.15.2\msvc2019_64\lib\Qt5VulkanSupportd.prl
2026-08-14 22:23:42,624 - aqt.updater - INFO - updater 75332 Patching D:\Qt\5.15.2\msvc2019_64\lib\Qt5WebChannel.prl
2026-08-14 22:23:42,634 - aqt.updater - INFO - updater 75332 Patching D:\Qt\5.15.2\msvc2019_64\lib\Qt5WebChanneld.prl
2026-08-14 22:23:42,648 - aqt.updater - INFO - updater 75332 Patching D:\Qt\5.15.2\msvc2019_64\lib\Qt5WebSockets.prl
2026-08-14 22:23:42,660 - aqt.updater - INFO - updater 75332 Patching D:\Qt\5.15.2\msvc2019_64\lib\Qt5WebSocketsd.prl
2026-08-14 22:23:42,674 - aqt.updater - INFO - updater 75332 Patching D:\Qt\5.15.2\msvc2019_64\lib\Qt5WebView.prl
2026-08-14 22:23:42,688 - aqt.updater - INFO - updater 75332 Patching D:\Qt\5.15.2\msvc2019_64\lib\Qt5WebViewd.prl
2026-08-14 22:23:42,699 - aqt.updater - INFO - updater 75332 Patching D:\Qt\5.15.2\msvc2019_64\lib\Qt5Widgets.prl
2026-08-14 22:23:42,713 - aqt.updater - INFO - updater 75332 Patching D:\Qt\5.15.2\msvc2019_64\lib\Qt5Widgetsd.prl
2026-08-14 22:23:42,728 - aqt.updater - INFO - updater 75332 Patching D:\Qt\5.15.2\msvc2019_64\lib\Qt5WindowsUIAutomationSupport.prl
2026-08-14 22:23:42,737 - aqt.updater - INFO - updater 75332 Patching D:\Qt\5.15.2\msvc2019_64\lib\Qt5WindowsUIAutomationSupportd.prl
2026-08-14 22:23:42,749 - aqt.updater - INFO - updater 75332 Patching D:\Qt\5.15.2\msvc2019_64\lib\Qt5WinExtras.prl
2026-08-14 22:23:42,759 - aqt.updater - INFO - updater 75332 Patching D:\Qt\5.15.2\msvc2019_64\lib\Qt5WinExtrasd.prl
2026-08-14 22:23:42,770 - aqt.updater - INFO - updater 75332 Patching D:\Qt\5.15.2\msvc2019_64\lib\Qt5Xml.prl
2026-08-14 22:23:42,783 - aqt.updater - INFO - updater 75332 Patching D:\Qt\5.15.2\msvc2019_64\lib\Qt5Xmld.prl
2026-08-14 22:23:42,795 - aqt.updater - INFO - updater 75332 Patching D:\Qt\5.15.2\msvc2019_64\lib\Qt5XmlPatterns.prl
2026-08-14 22:23:42,810 - aqt.updater - INFO - updater 75332 Patching D:\Qt\5.15.2\msvc2019_64\lib\Qt5XmlPatternsd.prl
2026-08-14 22:23:42,824 - aqt.updater - INFO - updater 75332 Patching D:\Qt\5.15.2\msvc2019_64\lib\qtfreetype.prl
2026-08-14 22:23:42,835 - aqt.updater - INFO - updater 75332 Patching D:\Qt\5.15.2\msvc2019_64\lib\qtfreetyped.prl
2026-08-14 22:23:42,852 - aqt.updater - INFO - updater 75332 Patching D:\Qt\5.15.2\msvc2019_64\lib\qtlibpng.prl
2026-08-14 22:23:42,866 - aqt.updater - INFO - updater 75332 Patching D:\Qt\5.15.2\msvc2019_64\lib\qtlibpngd.prl
2026-08-14 22:23:42,883 - aqt.updater - INFO - updater 75332 Patching D:\Qt\5.15.2\msvc2019_64\lib\qtmain.prl
2026-08-14 22:23:42,899 - aqt.updater - INFO - updater 75332 Patching D:\Qt\5.15.2\msvc2019_64\lib\qtmaind.prl
2026-08-14 22:23:42,914 - aqt.main - INFO - installer 75332 Finished installation
2026-08-14 22:23:42,914 - aqt.main - INFO - installer 75332 Time elapsed: 145.68012580 second
2026-08-14 22:24:52,714 - aqt.helper - DEBUG - helper 76184 Attempt to download checksum at https://download.qt.io/online/qtsdkrepository/windows_x86/desktop/tools_mingw/Updates.xml.sha256
2026-08-14 22:25:36,532 - aqt.main - INFO - installer 76000 aqtinstall(aqt) v3.3.0 on Python 3.9.7 [CPython MSC v.1929 64 bit (AMD64)]
2026-08-14 22:25:36,533 - aqt.helper - DEBUG - helper 76000 Attempt to download checksum at https://download.qt.io/online/qtsdkrepository/windows_x86/desktop/tools_mingw/Updates.xml.sha256
2026-08-14 22:25:40,130 - aqt.helper - DEBUG - helper 49756 Attempt to download checksum at https://download.qt.io/online/qtsdkrepository/windows_x86/desktop/tools_mingw/qt.tools.win64_mingw810/8.1.0-1-202004170606x86_64-8.1.0-release-posix-seh-rt_v6-rev0.7z.sha256
2026-08-14 22:25:41,185 - aqt.helper - INFO - helper 49756 Downloading qt.tools.win64_mingw810...
2026-08-14 22:25:41,185 - aqt.installer - DEBUG - installer 49756 Download URL: https://download.qt.io/online/qtsdkrepository/windows_x86/desktop/tools_mingw/qt.tools.win64_mingw810/8.1.0-1-202004170606x86_64-8.1.0-release-posix-seh-rt_v6-rev0.7z
2026-08-14 22:25:43,067 - aqt.helper - DEBUG - helper 49756 Asked to redirect(302) to: https://mirrors.sau.edu.cn/qt/online/qtsdkrepository/windows_x86/desktop/tools_mingw/qt.tools.win64_mingw810/8.1.0-1-202004170606x86_64-8.1.0-release-posix-seh-rt_v6-rev0.7z
2026-08-14 22:25:43,067 - aqt.helper - INFO - helper 49756 Redirected: mirrors.sau.edu.cn
2026-08-14 22:26:14,118 - aqt.installer - WARNING - installer 76000 Caught ArchiveDownloadError, terminating installer workers
2026-08-14 22:26:14,127 - aqt.main - ERROR - installer 76000 Download of 8.1.0-1-202004170606x86_64-8.1.0-release-posix-seh-rt_v6-rev0.7z has error: HTTPSConnectionPool(host='mirrors.sau.edu.cn', port=443): Read timed out.
2026-08-14 22:26:47,092 - aqt.main - INFO - installer 81436 aqtinstall(aqt) v3.3.0 on Python 3.9.7 [CPython MSC v.1929 64 bit (AMD64)]
2026-08-14 22:26:47,093 - aqt.helper - DEBUG - helper 81436 Attempt to download checksum at https://download.qt.io/online/qtsdkrepository/windows_x86/desktop/qt5_5152/Updates.xml.sha256
2026-08-14 22:26:50,580 - aqt.helper - DEBUG - helper 82656 Attempt to download checksum at https://download.qt.io/online/qtsdkrepository/windows_x86/desktop/qt5_5152/qt.qt5.5152.win64_mingw81/5.15.2-0-202011130602qtbase-Windows-Windows_10-Mingw-Windows-Windows_10-X86_64.7z.sha256
2026-08-14 22:26:50,584 - aqt.helper - DEBUG - helper 14504 Attempt to download checksum at https://download.qt.io/online/qtsdkrepository/windows_x86/desktop/qt5_5152/qt.qt5.5152.win64_mingw81/5.15.2-0-202011130602qtactiveqt-Windows-Windows_10-Mingw-Windows-Windows_10-X86_64.7z.sha256
2026-08-14 22:26:50,585 - aqt.helper - DEBUG - helper 41576 Attempt to download checksum at https://download.qt.io/online/qtsdkrepository/windows_x86/desktop/qt5_5152/qt.qt5.5152.win64_mingw81/5.15.2-0-202011130602qttranslations-Windows-Windows_10-Mingw-Windows-Windows_10-X86_64.7z.sha256
2026-08-14 22:26:50,594 - aqt.helper - DEBUG - helper 68304 Attempt to download checksum at https://download.qt.io/online/qtsdkrepository/windows_x86/desktop/qt5_5152/qt.qt5.5152.win64_mingw81/5.15.2-0-202011130602qtsvg-Windows-Windows_10-Mingw-Windows-Windows_10-X86_64.7z.sha256
2026-08-14 22:26:51,541 - aqt.helper - INFO - helper 68304 Downloading qtsvg...
2026-08-14 22:26:51,542 - aqt.installer - DEBUG - installer 68304 Download URL: https://download.qt.io/online/qtsdkrepository/windows_x86/desktop/qt5_5152/qt.qt5.5152.win64_mingw81/5.15.2-0-202011130602qtsvg-Windows-Windows_10-Mingw-Windows-Windows_10-X86_64.7z
2026-08-14 22:26:52,461 - aqt.helper - DEBUG - helper 68304 Asked to redirect(302) to: https://mirrors.sau.edu.cn/qt/online/qtsdkrepository/windows_x86/desktop/qt5_5152/qt.qt5.5152.win64_mingw81/5.15.2-0-202011130602qtsvg-Windows-Windows_10-Mingw-Windows-Windows_10-X86_64.7z
2026-08-14 22:26:52,461 - aqt.helper - INFO - helper 68304 Redirected: mirrors.sau.edu.cn
2026-08-14 22:26:54,320 - aqt.installer - INFO - installer 68304 Finished installation of qtsvg-Windows-Windows_10-Mingw-Windows-Windows_10-X86_64.7z in 3.72925170
2026-08-14 22:26:54,330 - aqt.helper - DEBUG - helper 68304 Attempt to download checksum at https://download.qt.io/online/qtsdkrepository/windows_x86/desktop/qt5_5152/qt.qt5.5152.win64_mingw81/5.15.2-0-202011130602qtdeclarative-Windows-Windows_10-Mingw-Windows-Windows_10-X86_64.7z.sha256
2026-08-14 22:26:55,000 - aqt.helper - INFO - helper 41576 Downloading qttranslations...
2026-08-14 22:26:55,001 - aqt.installer - DEBUG - installer 41576 Download URL: https://download.qt.io/online/qtsdkrepository/windows_x86/desktop/qt5_5152/qt.qt5.5152.win64_mingw81/5.15.2-0-202011130602qttranslations-Windows-Windows_10-Mingw-Windows-Windows_10-X86_64.7z
2026-08-14 22:26:56,161 - aqt.helper - INFO - helper 68304 Downloading qtdeclarative...
2026-08-14 22:26:56,161 - aqt.installer - DEBUG - installer 68304 Download URL: https://download.qt.io/online/qtsdkrepository/windows_x86/desktop/qt5_5152/qt.qt5.5152.win64_mingw81/5.15.2-0-202011130602qtdeclarative-Windows-Windows_10-Mingw-Windows-Windows_10-X86_64.7z
2026-08-14 22:26:56,493 - aqt.helper - INFO - helper 14504 Downloading qtactiveqt...
2026-08-14 22:26:56,494 - aqt.installer - DEBUG - installer 14504 Download URL: https://download.qt.io/online/qtsdkrepository/windows_x86/desktop/qt5_5152/qt.qt5.5152.win64_mingw81/5.15.2-0-202011130602qtactiveqt-Windows-Windows_10-Mingw-Windows-Windows_10-X86_64.7z
2026-08-14 22:26:56,755 - aqt.helper - INFO - helper 82656 Downloading qtbase...
2026-08-14 22:26:56,755 - aqt.installer - DEBUG - installer 82656 Download URL: https://download.qt.io/online/qtsdkrepository/windows_x86/desktop/qt5_5152/qt.qt5.5152.win64_mingw81/5.15.2-0-202011130602qtbase-Windows-Windows_10-Mingw-Windows-Windows_10-X86_64.7z
2026-08-14 22:26:56,873 - aqt.helper - DEBUG - helper 41576 Asked to redirect(302) to: https://mirrors.sau.edu.cn/qt/online/qtsdkrepository/windows_x86/desktop/qt5_5152/qt.qt5.5152.win64_mingw81/5.15.2-0-202011130602qttranslations-Windows-Windows_10-Mingw-Windows-Windows_10-X86_64.7z
2026-08-14 22:26:56,873 - aqt.helper - INFO - helper 41576 Redirected: mirrors.sau.edu.cn
2026-08-14 22:26:57,230 - aqt.helper - DEBUG - helper 68304 Asked to redirect(302) to: https://mirrors.sau.edu.cn/qt/online/qtsdkrepository/windows_x86/desktop/qt5_5152/qt.qt5.5152.win64_mingw81/5.15.2-0-202011130602qtdeclarative-Windows-Windows_10-Mingw-Windows-Windows_10-X86_64.7z
2026-08-14 22:26:57,231 - aqt.helper - INFO - helper 68304 Redirected: mirrors.sau.edu.cn
2026-08-14 22:26:57,798 - aqt.helper - DEBUG - helper 14504 Asked to redirect(302) to: https://mirrors.sau.edu.cn/qt/online/qtsdkrepository/windows_x86/desktop/qt5_5152/qt.qt5.5152.win64_mingw81/5.15.2-0-202011130602qtactiveqt-Windows-Windows_10-Mingw-Windows-Windows_10-X86_64.7z
2026-08-14 22:26:57,798 - aqt.helper - INFO - helper 14504 Redirected: mirrors.sau.edu.cn
2026-08-14 22:27:00,965 - aqt.helper - DEBUG - helper 82656 Asked to redirect(302) to: https://mirrors.sau.edu.cn/qt/online/qtsdkrepository/windows_x86/desktop/qt5_5152/qt.qt5.5152.win64_mingw81/5.15.2-0-202011130602qtbase-Windows-Windows_10-Mingw-Windows-Windows_10-X86_64.7z
2026-08-14 22:27:00,966 - aqt.helper - INFO - helper 82656 Redirected: mirrors.sau.edu.cn
2026-08-14 22:27:01,462 - aqt.installer - INFO - installer 41576 Finished installation of qttranslations-Windows-Windows_10-Mingw-Windows-Windows_10-X86_64.7z in 10.87838120
2026-08-14 22:27:01,478 - aqt.helper - DEBUG - helper 41576 Attempt to download checksum at https://download.qt.io/online/qtsdkrepository/windows_x86/desktop/qt5_5152/qt.qt5.5152.win64_mingw81/5.15.2-0-202011130602qtgraphicaleffects-Windows-Windows_10-Mingw-Windows-Windows_10-X86_64.7z.sha256
2026-08-14 22:27:08,829 - aqt.helper - INFO - helper 41576 Downloading qtgraphicaleffects...
2026-08-14 22:27:08,829 - aqt.installer - DEBUG - installer 41576 Download URL: https://download.qt.io/online/qtsdkrepository/windows_x86/desktop/qt5_5152/qt.qt5.5152.win64_mingw81/5.15.2-0-202011130602qtgraphicaleffects-Windows-Windows_10-Mingw-Windows-Windows_10-X86_64.7z
2026-08-14 22:27:10,499 - aqt.helper - DEBUG - helper 41576 Asked to redirect(302) to: https://mirrors.sau.edu.cn/qt/online/qtsdkrepository/windows_x86/desktop/qt5_5152/qt.qt5.5152.win64_mingw81/5.15.2-0-202011130602qtgraphicaleffects-Windows-Windows_10-Mingw-Windows-Windows_10-X86_64.7z
2026-08-14 22:27:10,499 - aqt.helper - INFO - helper 41576 Redirected: mirrors.sau.edu.cn
2026-08-14 22:27:11,034 - aqt.installer - INFO - installer 41576 Finished installation of qtgraphicaleffects-Windows-Windows_10-Mingw-Windows-Windows_10-X86_64.7z in 9.55965270
2026-08-14 22:27:11,050 - aqt.helper - DEBUG - helper 41576 Attempt to download checksum at https://download.qt.io/online/qtsdkrepository/windows_x86/desktop/qt5_5152/qt.qt5.5152.win64_mingw81/5.15.2-0-202011130602qtwinextras-Windows-Windows_10-Mingw-Windows-Windows_10-X86_64.7z.sha256
2026-08-14 22:27:13,649 - aqt.helper - INFO - helper 41576 Downloading qtwinextras...
2026-08-14 22:27:13,649 - aqt.installer - DEBUG - installer 41576 Download URL: https://download.qt.io/online/qtsdkrepository/windows_x86/desktop/qt5_5152/qt.qt5.5152.win64_mingw81/5.15.2-0-202011130602qtwinextras-Windows-Windows_10-Mingw-Windows-Windows_10-X86_64.7z
2026-08-14 22:27:15,437 - aqt.helper - DEBUG - helper 41576 Asked to redirect(302) to: https://mirrors.sau.edu.cn/qt/online/qtsdkrepository/windows_x86/desktop/qt5_5152/qt.qt5.5152.win64_mingw81/5.15.2-0-202011130602qtwinextras-Windows-Windows_10-Mingw-Windows-Windows_10-X86_64.7z
2026-08-14 22:27:15,437 - aqt.helper - INFO - helper 41576 Redirected: mirrors.sau.edu.cn
2026-08-14 22:27:15,998 - aqt.installer - INFO - installer 14504 Finished installation of qtactiveqt-Windows-Windows_10-Mingw-Windows-Windows_10-X86_64.7z in 25.41613570
2026-08-14 22:27:16,011 - aqt.helper - DEBUG - helper 14504 Attempt to download checksum at https://download.qt.io/online/qtsdkrepository/windows_x86/desktop/qt5_5152/qt.qt5.5152.win64_mingw81/5.15.2-0-202011130602qtmultimedia-Windows-Windows_10-Mingw-Windows-Windows_10-X86_64.7z.sha256
2026-08-14 22:27:16,588 - aqt.installer - INFO - installer 41576 Finished installation of qtwinextras-Windows-Windows_10-Mingw-Windows-Windows_10-X86_64.7z in 5.54082000
2026-08-14 22:27:16,602 - aqt.helper - DEBUG - helper 41576 Attempt to download checksum at https://download.qt.io/online/qtsdkrepository/windows_x86/desktop/qt5_5152/qt.qt5.5152.win64_mingw81/5.15.2-0-202011130602qtimageformats-Windows-Windows_10-Mingw-Windows-Windows_10-X86_64.7z.sha256
2026-08-14 22:27:16,979 - aqt.helper - INFO - helper 14504 Downloading qtmultimedia...
2026-08-14 22:27:16,979 - aqt.installer - DEBUG - installer 14504 Download URL: https://download.qt.io/online/qtsdkrepository/windows_x86/desktop/qt5_5152/qt.qt5.5152.win64_mingw81/5.15.2-0-202011130602qtmultimedia-Windows-Windows_10-Mingw-Windows-Windows_10-X86_64.7z
2026-08-14 22:27:17,523 - aqt.helper - INFO - helper 41576 Downloading qtimageformats...
2026-08-14 22:27:17,523 - aqt.installer - DEBUG - installer 41576 Download URL: https://download.qt.io/online/qtsdkrepository/windows_x86/desktop/qt5_5152/qt.qt5.5152.win64_mingw81/5.15.2-0-202011130602qtimageformats-Windows-Windows_10-Mingw-Windows-Windows_10-X86_64.7z
2026-08-14 22:27:17,937 - aqt.helper - DEBUG - helper 14504 Asked to redirect(302) to: https://mirrors.sau.edu.cn/qt/online/qtsdkrepository/windows_x86/desktop/qt5_5152/qt.qt5.5152.win64_mingw81/5.15.2-0-202011130602qtmultimedia-Windows-Windows_10-Mingw-Windows-Windows_10-X86_64.7z
2026-08-14 22:27:17,937 - aqt.helper - INFO - helper 14504 Redirected: mirrors.sau.edu.cn
2026-08-14 22:27:19,480 - aqt.helper - DEBUG - helper 41576 Asked to redirect(302) to: https://mirrors.sau.edu.cn/qt/online/qtsdkrepository/windows_x86/desktop/qt5_5152/qt.qt5.5152.win64_mingw81/5.15.2-0-202011130602qtimageformats-Windows-Windows_10-Mingw-Windows-Windows_10-X86_64.7z
2026-08-14 22:27:19,480 - aqt.helper - INFO - helper 41576 Redirected: mirrors.sau.edu.cn
2026-08-14 22:27:24,239 - aqt.installer - INFO - installer 41576 Finished installation of qtimageformats-Windows-Windows_10-Mingw-Windows-Windows_10-X86_64.7z in 7.63858900
2026-08-14 22:27:24,252 - aqt.helper - DEBUG - helper 41576 Attempt to download checksum at https://download.qt.io/online/qtsdkrepository/windows_x86/desktop/qt5_5152/qt.qt5.5152.win64_mingw81/5.15.2-0-202011130602qttools-Windows-Windows_10-Mingw-Windows-Windows_10-X86_64.7z.sha256
2026-08-14 22:27:25,305 - aqt.installer - INFO - installer 14504 Finished installation of qtmultimedia-Windows-Windows_10-Mingw-Windows-Windows_10-X86_64.7z in 9.29618070
2026-08-14 22:27:25,320 - aqt.helper - DEBUG - helper 14504 Attempt to download checksum at https://download.qt.io/online/qtsdkrepository/windows_x86/desktop/qt5_5152/qt.qt5.5152.win64_mingw81/5.15.2-0-202011130602qtsensors-Windows-Windows_10-Mingw-Windows-Windows_10-X86_64.7z.sha256
2026-08-14 22:27:26,316 - aqt.helper - INFO - helper 14504 Downloading qtsensors...
2026-08-14 22:27:26,316 - aqt.installer - DEBUG - installer 14504 Download URL: https://download.qt.io/online/qtsdkrepository/windows_x86/desktop/qt5_5152/qt.qt5.5152.win64_mingw81/5.15.2-0-202011130602qtsensors-Windows-Windows_10-Mingw-Windows-Windows_10-X86_64.7z
2026-08-14 22:27:27,230 - aqt.helper - INFO - helper 41576 Downloading qttools...
2026-08-14 22:27:27,230 - aqt.installer - DEBUG - installer 41576 Download URL: https://download.qt.io/online/qtsdkrepository/windows_x86/desktop/qt5_5152/qt.qt5.5152.win64_mingw81/5.15.2-0-202011130602qttools-Windows-Windows_10-Mingw-Windows-Windows_10-X86_64.7z
2026-08-14 22:27:28,191 - aqt.helper - DEBUG - helper 41576 Asked to redirect(302) to: https://mirrors.sau.edu.cn/qt/online/qtsdkrepository/windows_x86/desktop/qt5_5152/qt.qt5.5152.win64_mingw81/5.15.2-0-202011130602qttools-Windows-Windows_10-Mingw-Windows-Windows_10-X86_64.7z
2026-08-14 22:27:28,191 - aqt.helper - INFO - helper 41576 Redirected: mirrors.sau.edu.cn
2026-08-14 22:27:28,400 - aqt.helper - DEBUG - helper 14504 Asked to redirect(302) to: https://mirrors.sau.edu.cn/qt/online/qtsdkrepository/windows_x86/desktop/qt5_5152/qt.qt5.5152.win64_mingw81/5.15.2-0-202011130602qtsensors-Windows-Windows_10-Mingw-Windows-Windows_10-X86_64.7z
2026-08-14 22:27:28,400 - aqt.helper - INFO - helper 14504 Redirected: mirrors.sau.edu.cn
2026-08-14 22:27:32,384 - aqt.installer - INFO - installer 14504 Finished installation of qtsensors-Windows-Windows_10-Mingw-Windows-Windows_10-X86_64.7z in 7.06635050
2026-08-14 22:27:32,462 - aqt.helper - DEBUG - helper 14504 Attempt to download checksum at https://download.qt.io/online/qtsdkrepository/windows_x86/desktop/qt5_5152/qt.qt5.5152.win64_mingw81/5.15.2-0-202011130602qtwebsockets-Windows-Windows_10-Mingw-Windows-Windows_10-X86_64.7z.sha256
2026-08-14 22:27:34,440 - aqt.helper - INFO - helper 14504 Downloading qtwebsockets...
2026-08-14 22:27:34,440 - aqt.installer - DEBUG - installer 14504 Download URL: https://download.qt.io/online/qtsdkrepository/windows_x86/desktop/qt5_5152/qt.qt5.5152.win64_mingw81/5.15.2-0-202011130602qtwebsockets-Windows-Windows_10-Mingw-Windows-Windows_10-X86_64.7z
2026-08-14 22:27:36,517 - aqt.helper - DEBUG - helper 14504 Asked to redirect(302) to: https://mirrors.sau.edu.cn/qt/online/qtsdkrepository/windows_x86/desktop/qt5_5152/qt.qt5.5152.win64_mingw81/5.15.2-0-202011130602qtwebsockets-Windows-Windows_10-Mingw-Windows-Windows_10-X86_64.7z
2026-08-14 22:27:36,518 - aqt.helper - INFO - helper 14504 Redirected: mirrors.sau.edu.cn
2026-08-14 22:27:37,430 - aqt.installer - INFO - installer 14504 Finished installation of qtwebsockets-Windows-Windows_10-Mingw-Windows-Windows_10-X86_64.7z in 5.01658170
2026-08-14 22:27:37,450 - aqt.helper - DEBUG - helper 14504 Attempt to download checksum at https://download.qt.io/online/qtsdkrepository/windows_x86/desktop/qt5_5152/qt.qt5.5152.win64_mingw81/5.15.2-0-202011130602qtwebchannel-Windows-Windows_10-Mingw-Windows-Windows_10-X86_64.7z.sha256
2026-08-14 22:27:42,256 - aqt.helper - INFO - helper 14504 Downloading qtwebchannel...
2026-08-14 22:27:42,256 - aqt.installer - DEBUG - installer 14504 Download URL: https://download.qt.io/online/qtsdkrepository/windows_x86/desktop/qt5_5152/qt.qt5.5152.win64_mingw81/5.15.2-0-202011130602qtwebchannel-Windows-Windows_10-Mingw-Windows-Windows_10-X86_64.7z
2026-08-14 22:27:43,627 - aqt.helper - DEBUG - helper 14504 Asked to redirect(302) to: https://mirrors.sau.edu.cn/qt/online/qtsdkrepository/windows_x86/desktop/qt5_5152/qt.qt5.5152.win64_mingw81/5.15.2-0-202011130602qtwebchannel-Windows-Windows_10-Mingw-Windows-Windows_10-X86_64.7z
2026-08-14 22:27:43,627 - aqt.helper - INFO - helper 14504 Redirected: mirrors.sau.edu.cn
2026-08-14 22:27:44,786 - aqt.installer - INFO - installer 14504 Finished installation of qtwebchannel-Windows-Windows_10-Mingw-Windows-Windows_10-X86_64.7z in 7.33783700
2026-08-14 22:27:44,796 - aqt.helper - DEBUG - helper 14504 Attempt to download checksum at https://download.qt.io/online/qtsdkrepository/windows_x86/desktop/qt5_5152/qt.qt5.5152.win64_mingw81/5.15.2-0-202011130602qtlocation-Windows-Windows_10-Mingw-Windows-Windows_10-X86_64.7z.sha256
2026-08-14 22:27:45,687 - aqt.helper - INFO - helper 14504 Downloading qtlocation...
2026-08-14 22:27:45,687 - aqt.installer - DEBUG - installer 14504 Download URL: https://download.qt.io/online/qtsdkrepository/windows_x86/desktop/qt5_5152/qt.qt5.5152.win64_mingw81/5.15.2-0-202011130602qtlocation-Windows-Windows_10-Mingw-Windows-Windows_10-X86_64.7z
2026-08-14 22:27:47,471 - aqt.helper - DEBUG - helper 14504 Asked to redirect(302) to: https://mirrors.sau.edu.cn/qt/online/qtsdkrepository/windows_x86/desktop/qt5_5152/qt.qt5.5152.win64_mingw81/5.15.2-0-202011130602qtlocation-Windows-Windows_10-Mingw-Windows-Windows_10-X86_64.7z
2026-08-14 22:27:47,471 - aqt.helper - INFO - helper 14504 Redirected: mirrors.sau.edu.cn
2026-08-14 22:27:50,542 - aqt.installer - INFO - installer 68304 Finished installation of qtdeclarative-Windows-Windows_10-Mingw-Windows-Windows_10-X86_64.7z in 56.21317570
2026-08-14 22:27:50,564 - aqt.helper - DEBUG - helper 68304 Attempt to download checksum at https://download.qt.io/online/qtsdkrepository/windows_x86/desktop/qt5_5152/qt.qt5.5152.win64_mingw81/5.15.2-0-202011130602qtserialport-Windows-Windows_10-Mingw-Windows-Windows_10-X86_64.7z.sha256
2026-08-14 22:27:51,519 - aqt.helper - INFO - helper 68304 Downloading qtserialport...
2026-08-14 22:27:51,520 - aqt.installer - DEBUG - installer 68304 Download URL: https://download.qt.io/online/qtsdkrepository/windows_x86/desktop/qt5_5152/qt.qt5.5152.win64_mingw81/5.15.2-0-202011130602qtserialport-Windows-Windows_10-Mingw-Windows-Windows_10-X86_64.7z
2026-08-14 22:27:52,753 - aqt.helper - DEBUG - helper 68304 Asked to redirect(302) to: https://mirrors.sau.edu.cn/qt/online/qtsdkrepository/windows_x86/desktop/qt5_5152/qt.qt5.5152.win64_mingw81/5.15.2-0-202011130602qtserialport-Windows-Windows_10-Mingw-Windows-Windows_10-X86_64.7z
2026-08-14 22:27:52,754 - aqt.helper - INFO - helper 68304 Redirected: mirrors.sau.edu.cn
2026-08-14 22:27:55,772 - aqt.installer - INFO - installer 68304 Finished installation of qtserialport-Windows-Windows_10-Mingw-Windows-Windows_10-X86_64.7z in 5.21138380
2026-08-14 22:27:55,790 - aqt.helper - DEBUG - helper 68304 Attempt to download checksum at https://download.qt.io/online/qtsdkrepository/windows_x86/desktop/qt5_5152/qt.qt5.5152.win64_mingw81/5.15.2-0-202011130602qtquickcontrols-Windows-Windows_10-Mingw-Windows-Windows_10-X86_64.7z.sha256
2026-08-14 22:27:56,725 - aqt.helper - INFO - helper 68304 Downloading qtquickcontrols...
2026-08-14 22:27:56,725 - aqt.installer - DEBUG - installer 68304 Download URL: https://download.qt.io/online/qtsdkrepository/windows_x86/desktop/qt5_5152/qt.qt5.5152.win64_mingw81/5.15.2-0-202011130602qtquickcontrols-Windows-Windows_10-Mingw-Windows-Windows_10-X86_64.7z
2026-08-14 22:28:01,280 - aqt.helper - DEBUG - helper 68304 Asked to redirect(302) to: https://mirrors.sau.edu.cn/qt/online/qtsdkrepository/windows_x86/desktop/qt5_5152/qt.qt5.5152.win64_mingw81/5.15.2-0-202011130602qtquickcontrols-Windows-Windows_10-Mingw-Windows-Windows_10-X86_64.7z
2026-08-14 22:28:01,280 - aqt.helper - INFO - helper 68304 Redirected: mirrors.sau.edu.cn
2026-08-14 22:28:04,316 - aqt.installer - INFO - installer 68304 Finished installation of qtquickcontrols-Windows-Windows_10-Mingw-Windows-Windows_10-X86_64.7z in 8.52794940
2026-08-14 22:28:04,328 - aqt.helper - DEBUG - helper 68304 Attempt to download checksum at https://download.qt.io/online/qtsdkrepository/windows_x86/desktop/qt5_5152/qt.qt5.5152.win64_mingw81/5.15.2-0-202011130602qtquickcontrols2-Windows-Windows_10-Mingw-Windows-Windows_10-X86_64.7z.sha256
2026-08-14 22:28:06,179 - aqt.helper - INFO - helper 68304 Downloading qtquickcontrols2...
2026-08-14 22:28:06,179 - aqt.installer - DEBUG - installer 68304 Download URL: https://download.qt.io/online/qtsdkrepository/windows_x86/desktop/qt5_5152/qt.qt5.5152.win64_mingw81/5.15.2-0-202011130602qtquickcontrols2-Windows-Windows_10-Mingw-Windows-Windows_10-X86_64.7z
2026-08-14 22:28:06,937 - aqt.installer - INFO - installer 14504 Finished installation of qtlocation-Windows-Windows_10-Mingw-Windows-Windows_10-X86_64.7z in 22.14363480
2026-08-14 22:28:06,956 - aqt.helper - DEBUG - helper 14504 Attempt to download checksum at https://download.qt.io/online/qtsdkrepository/windows_x86/desktop/qt5_5152/qt.qt5.5152.win64_mingw81/5.15.2-0-202011130602qtserialbus-Windows-Windows_10-Mingw-Windows-Windows_10-X86_64.7z.sha256
2026-08-14 22:28:08,087 - aqt.helper - DEBUG - helper 68304 Asked to redirect(302) to: https://mirrors.sau.edu.cn/qt/online/qtsdkrepository/windows_x86/desktop/qt5_5152/qt.qt5.5152.win64_mingw81/5.15.2-0-202011130602qtquickcontrols2-Windows-Windows_10-Mingw-Windows-Windows_10-X86_64.7z
2026-08-14 22:28:08,087 - aqt.helper - INFO - helper 68304 Redirected: mirrors.sau.edu.cn
2026-08-14 22:28:08,946 - aqt.helper - INFO - helper 14504 Downloading qtserialbus...
2026-08-14 22:28:08,946 - aqt.installer - DEBUG - installer 14504 Download URL: https://download.qt.io/online/qtsdkrepository/windows_x86/desktop/qt5_5152/qt.qt5.5152.win64_mingw81/5.15.2-0-202011130602qtserialbus-Windows-Windows_10-Mingw-Windows-Windows_10-X86_64.7z
2026-08-14 22:28:10,192 - aqt.helper - DEBUG - helper 14504 Asked to redirect(302) to: https://mirrors.sau.edu.cn/qt/online/qtsdkrepository/windows_x86/desktop/qt5_5152/qt.qt5.5152.win64_mingw81/5.15.2-0-202011130602qtserialbus-Windows-Windows_10-Mingw-Windows-Windows_10-X86_64.7z
2026-08-14 22:28:10,192 - aqt.helper - INFO - helper 14504 Redirected: mirrors.sau.edu.cn
2026-08-14 22:28:13,196 - aqt.installer - INFO - installer 14504 Finished installation of qtserialbus-Windows-Windows_10-Mingw-Windows-Windows_10-X86_64.7z in 6.24184030
2026-08-14 22:28:13,206 - aqt.helper - DEBUG - helper 14504 Attempt to download checksum at https://download.qt.io/online/qtsdkrepository/windows_x86/desktop/qt5_5152/qt.qt5.5152.win64_mingw81/5.15.2-0-202011130602qtscxml-Windows-Windows_10-Mingw-Windows-Windows_10-X86_64.7z.sha256
2026-08-14 22:28:14,278 - aqt.helper - INFO - helper 14504 Downloading qtscxml...
2026-08-14 22:28:14,278 - aqt.installer - DEBUG - installer 14504 Download URL: https://download.qt.io/online/qtsdkrepository/windows_x86/desktop/qt5_5152/qt.qt5.5152.win64_mingw81/5.15.2-0-202011130602qtscxml-Windows-Windows_10-Mingw-Windows-Windows_10-X86_64.7z
2026-08-14 22:28:15,043 - aqt.installer - INFO - installer 68304 Finished installation of qtquickcontrols2-Windows-Windows_10-Mingw-Windows-Windows_10-X86_64.7z in 10.71656540
2026-08-14 22:28:15,060 - aqt.helper - DEBUG - helper 68304 Attempt to download checksum at https://download.qt.io/online/qtsdkrepository/windows_x86/desktop/qt5_5152/qt.qt5.5152.win64_mingw81/5.15.2-0-202011130602qt3d-Windows-Windows_10-Mingw-Windows-Windows_10-X86_64.7z.sha256
2026-08-14 22:28:15,196 - aqt.helper - DEBUG - helper 14504 Asked to redirect(302) to: https://mirrors.sau.edu.cn/qt/online/qtsdkrepository/windows_x86/desktop/qt5_5152/qt.qt5.5152.win64_mingw81/5.15.2-0-202011130602qtscxml-Windows-Windows_10-Mingw-Windows-Windows_10-X86_64.7z
2026-08-14 22:28:15,196 - aqt.helper - INFO - helper 14504 Redirected: mirrors.sau.edu.cn
2026-08-14 22:28:15,986 - aqt.helper - INFO - helper 68304 Downloading qt3d...
2026-08-14 22:28:15,987 - aqt.installer - DEBUG - installer 68304 Download URL: https://download.qt.io/online/qtsdkrepository/windows_x86/desktop/qt5_5152/qt.qt5.5152.win64_mingw81/5.15.2-0-202011130602qt3d-Windows-Windows_10-Mingw-Windows-Windows_10-X86_64.7z
2026-08-14 22:28:16,945 - aqt.helper - DEBUG - helper 68304 Asked to redirect(302) to: https://mirrors.sau.edu.cn/qt/online/qtsdkrepository/windows_x86/desktop/qt5_5152/qt.qt5.5152.win64_mingw81/5.15.2-0-202011130602qt3d-Windows-Windows_10-Mingw-Windows-Windows_10-X86_64.7z
2026-08-14 22:28:16,945 - aqt.helper - INFO - helper 68304 Redirected: mirrors.sau.edu.cn
2026-08-14 22:28:17,213 - aqt.installer - INFO - installer 14504 Finished installation of qtscxml-Windows-Windows_10-Mingw-Windows-Windows_10-X86_64.7z in 4.00902310
2026-08-14 22:28:17,788 - aqt.helper - DEBUG - helper 31300 Attempt to download checksum at https://download.qt.io/online/qtsdkrepository/windows_x86/desktop/qt5_5152/qt.qt5.5152.win64_mingw81/5.15.2-0-202011130602qtgamepad-Windows-Windows_10-Mingw-Windows-Windows_10-X86_64.7z.sha256
2026-08-14 22:28:18,876 - aqt.helper - INFO - helper 31300 Downloading qtgamepad...
2026-08-14 22:28:18,876 - aqt.installer - DEBUG - installer 31300 Download URL: https://download.qt.io/online/qtsdkrepository/windows_x86/desktop/qt5_5152/qt.qt5.5152.win64_mingw81/5.15.2-0-202011130602qtgamepad-Windows-Windows_10-Mingw-Windows-Windows_10-X86_64.7z
2026-08-14 22:28:19,803 - aqt.helper - DEBUG - helper 31300 Asked to redirect(302) to: https://mirrors.sau.edu.cn/qt/online/qtsdkrepository/windows_x86/desktop/qt5_5152/qt.qt5.5152.win64_mingw81/5.15.2-0-202011130602qtgamepad-Windows-Windows_10-Mingw-Windows-Windows_10-X86_64.7z
2026-08-14 22:28:19,803 - aqt.helper - INFO - helper 31300 Redirected: mirrors.sau.edu.cn
2026-08-14 22:28:20,562 - aqt.installer - INFO - installer 31300 Finished installation of qtgamepad-Windows-Windows_10-Mingw-Windows-Windows_10-X86_64.7z in 2.77494250
2026-08-14 22:28:20,575 - aqt.helper - DEBUG - helper 31300 Attempt to download checksum at https://download.qt.io/online/qtsdkrepository/windows_x86/desktop/qt5_5152/qt.qt5.5152.win64_mingw81/5.15.2-0-202011130602qtspeech-Windows-Windows_10-Mingw-Windows-Windows_10-X86_64.7z.sha256
2026-08-14 22:28:21,525 - aqt.helper - INFO - helper 31300 Downloading qtspeech...
2026-08-14 22:28:21,526 - aqt.installer - DEBUG - installer 31300 Download URL: https://download.qt.io/online/qtsdkrepository/windows_x86/desktop/qt5_5152/qt.qt5.5152.win64_mingw81/5.15.2-0-202011130602qtspeech-Windows-Windows_10-Mingw-Windows-Windows_10-X86_64.7z
2026-08-14 22:28:22,480 - aqt.helper - DEBUG - helper 31300 Asked to redirect(302) to: https://mirrors.sau.edu.cn/qt/online/qtsdkrepository/windows_x86/desktop/qt5_5152/qt.qt5.5152.win64_mingw81/5.15.2-0-202011130602qtspeech-Windows-Windows_10-Mingw-Windows-Windows_10-X86_64.7z
2026-08-14 22:28:22,480 - aqt.helper - INFO - helper 31300 Redirected: mirrors.sau.edu.cn
2026-08-14 22:28:23,307 - aqt.installer - INFO - installer 31300 Finished installation of qtspeech-Windows-Windows_10-Mingw-Windows-Windows_10-X86_64.7z in 2.73422430
2026-08-14 22:28:23,323 - aqt.helper - DEBUG - helper 31300 Attempt to download checksum at https://download.qt.io/online/qtsdkrepository/windows_x86/desktop/qt5_5152/qt.qt5.5152.win64_mingw81/5.15.2-0-202011130602qtremoteobjects-Windows-Windows_10-Mingw-Windows-Windows_10-X86_64.7z.sha256
2026-08-14 22:28:24,430 - aqt.helper - INFO - helper 31300 Downloading qtremoteobjects...
2026-08-14 22:28:24,430 - aqt.installer - DEBUG - installer 31300 Download URL: https://download.qt.io/online/qtsdkrepository/windows_x86/desktop/qt5_5152/qt.qt5.5152.win64_mingw81/5.15.2-0-202011130602qtremoteobjects-Windows-Windows_10-Mingw-Windows-Windows_10-X86_64.7z
2026-08-14 22:28:27,187 - aqt.helper - DEBUG - helper 31300 Asked to redirect(302) to: https://mirrors.sau.edu.cn/qt/online/qtsdkrepository/windows_x86/desktop/qt5_5152/qt.qt5.5152.win64_mingw81/5.15.2-0-202011130602qtremoteobjects-Windows-Windows_10-Mingw-Windows-Windows_10-X86_64.7z
2026-08-14 22:28:27,187 - aqt.helper - INFO - helper 31300 Redirected: mirrors.sau.edu.cn
2026-08-14 22:28:29,149 - aqt.installer - INFO - installer 31300 Finished installation of qtremoteobjects-Windows-Windows_10-Mingw-Windows-Windows_10-X86_64.7z in 5.82855190
2026-08-14 22:28:29,161 - aqt.helper - DEBUG - helper 31300 Attempt to download checksum at https://download.qt.io/online/qtsdkrepository/windows_x86/desktop/qt5_5152/qt.qt5.5152.win64_mingw81/5.15.2-0-202011130602x86_64-8.1.0-release-posix-seh-rt_v6-rev0-runtime.7z.sha256
2026-08-14 22:28:30,267 - aqt.helper - INFO - helper 31300 Downloading x86_64...
2026-08-14 22:28:30,267 - aqt.installer - DEBUG - installer 31300 Download URL: https://download.qt.io/online/qtsdkrepository/windows_x86/desktop/qt5_5152/qt.qt5.5152.win64_mingw81/5.15.2-0-202011130602x86_64-8.1.0-release-posix-seh-rt_v6-rev0-runtime.7z
2026-08-14 22:28:36,720 - aqt.installer - INFO - installer 68304 Finished installation of qt3d-Windows-Windows_10-Mingw-Windows-Windows_10-X86_64.7z in 21.66195910
2026-08-14 22:28:36,735 - aqt.helper - DEBUG - helper 68304 Attempt to download checksum at https://download.qt.io/online/qtsdkrepository/windows_x86/desktop/qt5_5152/qt.qt5.5152.win64_mingw81/5.15.2-0-202011130602d3dcompiler_47-x64.7z.sha256
2026-08-14 22:28:41,023 - aqt.helper - DEBUG - helper 31300 Asked to redirect(302) to: https://mirrors.sau.edu.cn/qt/online/qtsdkrepository/windows_x86/desktop/qt5_5152/qt.qt5.5152.win64_mingw81/5.15.2-0-202011130602x86_64-8.1.0-release-posix-seh-rt_v6-rev0-runtime.7z
2026-08-14 22:28:41,024 - aqt.helper - INFO - helper 31300 Redirected: mirrors.sau.edu.cn
2026-08-14 22:28:42,875 - aqt.installer - INFO - installer 31300 Finished installation of x86_64-8.1.0-release-posix-seh-rt_v6-rev0-runtime.7z in 13.71594870
2026-08-14 22:28:43,953 - aqt.installer - INFO - installer 82656 Finished installation of qtbase-Windows-Windows_10-Mingw-Windows-Windows_10-X86_64.7z in 113.37446110
2026-08-14 22:28:43,977 - aqt.helper - DEBUG - helper 82656 Attempt to download checksum at https://download.qt.io/online/qtsdkrepository/windows_x86/desktop/qt5_5152/qt.qt5.5152.win64_mingw81/5.15.2-0-202011130602qtconnectivity-Windows-Windows_10-Mingw-Windows-Windows_10-X86_64.7z.sha256
2026-08-14 22:28:44,909 - aqt.helper - INFO - helper 68304 Downloading d3dcompiler_47...
2026-08-14 22:28:44,909 - aqt.installer - DEBUG - installer 68304 Download URL: https://download.qt.io/online/qtsdkrepository/windows_x86/desktop/qt5_5152/qt.qt5.5152.win64_mingw81/5.15.2-0-202011130602d3dcompiler_47-x64.7z
2026-08-14 22:28:46,170 - aqt.helper - DEBUG - helper 68304 Asked to redirect(302) to: https://mirrors.sau.edu.cn/qt/online/qtsdkrepository/windows_x86/desktop/qt5_5152/qt.qt5.5152.win64_mingw81/5.15.2-0-202011130602d3dcompiler_47-x64.7z
2026-08-14 22:28:46,170 - aqt.helper - INFO - helper 68304 Redirected: mirrors.sau.edu.cn
2026-08-14 22:28:46,955 - aqt.helper - INFO - helper 82656 Downloading qtconnectivity...
2026-08-14 22:28:46,956 - aqt.installer - DEBUG - installer 82656 Download URL: https://download.qt.io/online/qtsdkrepository/windows_x86/desktop/qt5_5152/qt.qt5.5152.win64_mingw81/5.15.2-0-202011130602qtconnectivity-Windows-Windows_10-Mingw-Windows-Windows_10-X86_64.7z
2026-08-14 22:28:48,153 - aqt.helper - DEBUG - helper 82656 Asked to redirect(302) to: https://mirrors.sau.edu.cn/qt/online/qtsdkrepository/windows_x86/desktop/qt5_5152/qt.qt5.5152.win64_mingw81/5.15.2-0-202011130602qtconnectivity-Windows-Windows_10-Mingw-Windows-Windows_10-X86_64.7z
2026-08-14 22:28:48,153 - aqt.helper - INFO - helper 82656 Redirected: mirrors.sau.edu.cn
2026-08-14 22:28:50,232 - aqt.installer - INFO - installer 68304 Finished installation of d3dcompiler_47-x64.7z in 13.49906270
2026-08-14 22:28:50,250 - aqt.helper - DEBUG - helper 68304 Attempt to download checksum at https://download.qt.io/online/qtsdkrepository/windows_x86/desktop/qt5_5152/qt.qt5.5152.win64_mingw81/5.15.2-0-202011130602opengl32sw-64-mesa_12_0_rc2.7z.sha256
2026-08-14 22:28:51,560 - aqt.installer - INFO - installer 82656 Finished installation of qtconnectivity-Windows-Windows_10-Mingw-Windows-Windows_10-X86_64.7z in 7.58692030
2026-08-14 22:28:58,607 - aqt.installer - INFO - installer 41576 Finished installation of qttools-Windows-Windows_10-Mingw-Windows-Windows_10-X86_64.7z in 94.35760160
2026-08-14 22:28:58,620 - aqt.helper - DEBUG - helper 41576 Attempt to download checksum at https://download.qt.io/online/qtsdkrepository/windows_x86/desktop/qt5_5152/qt.qt5.5152.win64_mingw81/5.15.2-0-202011130602qtxmlpatterns-Windows-Windows_10-Mingw-Windows-Windows_10-X86_64.7z.sha256
2026-08-14 22:29:14,318 - aqt.helper - DEBUG - helper 68304 Attempt to download checksum at https://download.qt.io/online/qtsdkrepository/windows_x86/desktop/qt5_5152/qt.qt5.5152.win64_mingw81/5.15.2-0-202011130602opengl32sw-64-mesa_12_0_rc2.7z.sha256
2026-08-14 22:29:18,258 - aqt.helper - INFO - helper 68304 Downloading opengl32sw...
2026-08-14 22:29:18,259 - aqt.installer - DEBUG - installer 68304 Download URL: https://download.qt.io/online/qtsdkrepository/windows_x86/desktop/qt5_5152/qt.qt5.5152.win64_mingw81/5.15.2-0-202011130602opengl32sw-64-mesa_12_0_rc2.7z
2026-08-14 22:29:19,035 - aqt.helper - INFO - helper 41576 Downloading qtxmlpatterns...
2026-08-14 22:29:19,035 - aqt.installer - DEBUG - installer 41576 Download URL: https://download.qt.io/online/qtsdkrepository/windows_x86/desktop/qt5_5152/qt.qt5.5152.win64_mingw81/5.15.2-0-202011130602qtxmlpatterns-Windows-Windows_10-Mingw-Windows-Windows_10-X86_64.7z
2026-08-14 22:29:19,372 - aqt.helper - DEBUG - helper 68304 Asked to redirect(302) to: https://mirrors.sau.edu.cn/qt/online/qtsdkrepository/windows_x86/desktop/qt5_5152/qt.qt5.5152.win64_mingw81/5.15.2-0-202011130602opengl32sw-64-mesa_12_0_rc2.7z
2026-08-14 22:29:19,373 - aqt.helper - INFO - helper 68304 Redirected: mirrors.sau.edu.cn
2026-08-14 22:29:19,928 - aqt.helper - DEBUG - helper 41576 Asked to redirect(302) to: https://mirrors.sau.edu.cn/qt/online/qtsdkrepository/windows_x86/desktop/qt5_5152/qt.qt5.5152.win64_mingw81/5.15.2-0-202011130602qtxmlpatterns-Windows-Windows_10-Mingw-Windows-Windows_10-X86_64.7z
2026-08-14 22:29:19,928 - aqt.helper - INFO - helper 41576 Redirected: mirrors.sau.edu.cn
2026-08-14 22:29:29,202 - aqt.installer - INFO - installer 41576 Finished installation of qtxmlpatterns-Windows-Windows_10-Mingw-Windows-Windows_10-X86_64.7z in 30.58373590
2026-08-14 22:29:37,009 - aqt.installer - INFO - installer 68304 Finished installation of opengl32sw-64-mesa_12_0_rc2.7z in 46.76109870
2026-08-14 22:29:38,108 - aqt.updater - INFO - updater 81436 Patching D:\Qt\5.15.2\mingw81_64\bin\qmake.exe
2026-08-14 22:29:39,793 - aqt.updater - INFO - updater 81436 Patching D:\Qt\5.15.2\mingw81_64\lib\pkgconfig\Qt53DAnimation.pc
2026-08-14 22:29:39,801 - aqt.updater - INFO - updater 81436 Patching D:\Qt\5.15.2\mingw81_64\lib\pkgconfig\Qt53DCore.pc
2026-08-14 22:29:39,813 - aqt.updater - INFO - updater 81436 Patching D:\Qt\5.15.2\mingw81_64\lib\pkgconfig\Qt53DExtras.pc
2026-08-14 22:29:39,820 - aqt.updater - INFO - updater 81436 Patching D:\Qt\5.15.2\mingw81_64\lib\pkgconfig\Qt53DInput.pc
2026-08-14 22:29:39,830 - aqt.updater - INFO - updater 81436 Patching D:\Qt\5.15.2\mingw81_64\lib\pkgconfig\Qt53DLogic.pc
2026-08-14 22:29:39,840 - aqt.updater - INFO - updater 81436 Patching D:\Qt\5.15.2\mingw81_64\lib\pkgconfig\Qt53DQuick.pc
2026-08-14 22:29:39,852 - aqt.updater - INFO - updater 81436 Patching D:\Qt\5.15.2\mingw81_64\lib\pkgconfig\Qt53DQuickAnimation.pc
2026-08-14 22:29:39,859 - aqt.updater - INFO - updater 81436 Patching D:\Qt\5.15.2\mingw81_64\lib\pkgconfig\Qt53DQuickExtras.pc
2026-08-14 22:29:39,869 - aqt.updater - INFO - updater 81436 Patching D:\Qt\5.15.2\mingw81_64\lib\pkgconfig\Qt53DQuickInput.pc
2026-08-14 22:29:39,879 - aqt.updater - INFO - updater 81436 Patching D:\Qt\5.15.2\mingw81_64\lib\pkgconfig\Qt53DQuickRender.pc
2026-08-14 22:29:39,890 - aqt.updater - INFO - updater 81436 Patching D:\Qt\5.15.2\mingw81_64\lib\pkgconfig\Qt53DQuickScene2D.pc
2026-08-14 22:29:39,902 - aqt.updater - INFO - updater 81436 Patching D:\Qt\5.15.2\mingw81_64\lib\pkgconfig\Qt53DRender.pc
2026-08-14 22:29:39,911 - aqt.updater - INFO - updater 81436 Patching D:\Qt\5.15.2\mingw81_64\lib\pkgconfig\Qt5AxBase.pc
2026-08-14 22:29:39,920 - aqt.updater - INFO - updater 81436 Patching D:\Qt\5.15.2\mingw81_64\lib\pkgconfig\Qt5AxContainer.pc
2026-08-14 22:29:39,933 - aqt.updater - INFO - updater 81436 Patching D:\Qt\5.15.2\mingw81_64\lib\pkgconfig\Qt5AxServer.pc
2026-08-14 22:29:39,945 - aqt.updater - INFO - updater 81436 Patching D:\Qt\5.15.2\mingw81_64\lib\pkgconfig\Qt5Bluetooth.pc
2026-08-14 22:29:39,956 - aqt.updater - INFO - updater 81436 Patching D:\Qt\5.15.2\mingw81_64\lib\pkgconfig\Qt5Concurrent.pc
2026-08-14 22:29:39,966 - aqt.updater - INFO - updater 81436 Patching D:\Qt\5.15.2\mingw81_64\lib\pkgconfig\Qt5Core.pc
2026-08-14 22:29:39,976 - aqt.updater - INFO - updater 81436 Patching D:\Qt\5.15.2\mingw81_64\lib\pkgconfig\Qt5DBus.pc
2026-08-14 22:29:39,986 - aqt.updater - INFO - updater 81436 Patching D:\Qt\5.15.2\mingw81_64\lib\pkgconfig\Qt5Designer.pc
2026-08-14 22:29:39,996 - aqt.updater - INFO - updater 81436 Patching D:\Qt\5.15.2\mingw81_64\lib\pkgconfig\Qt5Gamepad.pc
2026-08-14 22:29:40,003 - aqt.updater - INFO - updater 81436 Patching D:\Qt\5.15.2\mingw81_64\lib\pkgconfig\Qt5Gui.pc
2026-08-14 22:29:40,014 - aqt.updater - INFO - updater 81436 Patching D:\Qt\5.15.2\mingw81_64\lib\pkgconfig\Qt5Help.pc
2026-08-14 22:29:40,021 - aqt.updater - INFO - updater 81436 Patching D:\Qt\5.15.2\mingw81_64\lib\pkgconfig\Qt5Location.pc
2026-08-14 22:29:40,030 - aqt.updater - INFO - updater 81436 Patching D:\Qt\5.15.2\mingw81_64\lib\pkgconfig\Qt5Multimedia.pc
2026-08-14 22:29:40,039 - aqt.updater - INFO - updater 81436 Patching D:\Qt\5.15.2\mingw81_64\lib\pkgconfig\Qt5MultimediaWidgets.pc
2026-08-14 22:29:40,050 - aqt.updater - INFO - updater 81436 Patching D:\Qt\5.15.2\mingw81_64\lib\pkgconfig\Qt5Network.pc
2026-08-14 22:29:40,058 - aqt.updater - INFO - updater 81436 Patching D:\Qt\5.15.2\mingw81_64\lib\pkgconfig\Qt5Nfc.pc
2026-08-14 22:29:40,066 - aqt.updater - INFO - updater 81436 Patching D:\Qt\5.15.2\mingw81_64\lib\pkgconfig\Qt5OpenGL.pc
2026-08-14 22:29:40,077 - aqt.updater - INFO - updater 81436 Patching D:\Qt\5.15.2\mingw81_64\lib\pkgconfig\Qt5OpenGLExtensions.pc
2026-08-14 22:29:40,086 - aqt.updater - INFO - updater 81436 Patching D:\Qt\5.15.2\mingw81_64\lib\pkgconfig\Qt5Positioning.pc
2026-08-14 22:29:40,097 - aqt.updater - INFO - updater 81436 Patching D:\Qt\5.15.2\mingw81_64\lib\pkgconfig\Qt5PositioningQuick.pc
2026-08-14 22:29:40,106 - aqt.updater - INFO - updater 81436 Patching D:\Qt\5.15.2\mingw81_64\lib\pkgconfig\Qt5PrintSupport.pc
2026-08-14 22:29:40,115 - aqt.updater - INFO - updater 81436 Patching D:\Qt\5.15.2\mingw81_64\lib\pkgconfig\Qt5Qml.pc
2026-08-14 22:29:40,129 - aqt.updater - INFO - updater 81436 Patching D:\Qt\5.15.2\mingw81_64\lib\pkgconfig\Qt5QmlModels.pc
2026-08-14 22:29:40,138 - aqt.updater - INFO - updater 81436 Patching D:\Qt\5.15.2\mingw81_64\lib\pkgconfig\Qt5QmlWorkerScript.pc
2026-08-14 22:29:40,148 - aqt.updater - INFO - updater 81436 Patching D:\Qt\5.15.2\mingw81_64\lib\pkgconfig\Qt5Quick.pc
2026-08-14 22:29:40,163 - aqt.updater - INFO - updater 81436 Patching D:\Qt\5.15.2\mingw81_64\lib\pkgconfig\Qt5QuickControls2.pc
2026-08-14 22:29:40,173 - aqt.updater - INFO - updater 81436 Patching D:\Qt\5.15.2\mingw81_64\lib\pkgconfig\Qt5QuickTemplates2.pc
2026-08-14 22:29:40,185 - aqt.updater - INFO - updater 81436 Patching D:\Qt\5.15.2\mingw81_64\lib\pkgconfig\Qt5QuickTest.pc
2026-08-14 22:29:40,195 - aqt.updater - INFO - updater 81436 Patching D:\Qt\5.15.2\mingw81_64\lib\pkgconfig\Qt5QuickWidgets.pc
2026-08-14 22:29:40,208 - aqt.updater - INFO - updater 81436 Patching D:\Qt\5.15.2\mingw81_64\lib\pkgconfig\Qt5RemoteObjects.pc
2026-08-14 22:29:40,217 - aqt.updater - INFO - updater 81436 Patching D:\Qt\5.15.2\mingw81_64\lib\pkgconfig\Qt5Scxml.pc
2026-08-14 22:29:40,225 - aqt.updater - INFO - updater 81436 Patching D:\Qt\5.15.2\mingw81_64\lib\pkgconfig\Qt5Sensors.pc
2026-08-14 22:29:40,236 - aqt.updater - INFO - updater 81436 Patching D:\Qt\5.15.2\mingw81_64\lib\pkgconfig\Qt5SerialBus.pc
2026-08-14 22:29:40,248 - aqt.updater - INFO - updater 81436 Patching D:\Qt\5.15.2\mingw81_64\lib\pkgconfig\Qt5SerialPort.pc
2026-08-14 22:29:40,258 - aqt.updater - INFO - updater 81436 Patching D:\Qt\5.15.2\mingw81_64\lib\pkgconfig\Qt5Sql.pc
2026-08-14 22:29:40,268 - aqt.updater - INFO - updater 81436 Patching D:\Qt\5.15.2\mingw81_64\lib\pkgconfig\Qt5Svg.pc
2026-08-14 22:29:40,278 - aqt.updater - INFO - updater 81436 Patching D:\Qt\5.15.2\mingw81_64\lib\pkgconfig\Qt5Test.pc
2026-08-14 22:29:40,289 - aqt.updater - INFO - updater 81436 Patching D:\Qt\5.15.2\mingw81_64\lib\pkgconfig\Qt5TextToSpeech.pc
2026-08-14 22:29:40,299 - aqt.updater - INFO - updater 81436 Patching D:\Qt\5.15.2\mingw81_64\lib\pkgconfig\Qt5UiTools.pc
2026-08-14 22:29:40,313 - aqt.updater - INFO - updater 81436 Patching D:\Qt\5.15.2\mingw81_64\lib\pkgconfig\Qt5WebChannel.pc
2026-08-14 22:29:40,323 - aqt.updater - INFO - updater 81436 Patching D:\Qt\5.15.2\mingw81_64\lib\pkgconfig\Qt5WebSockets.pc
2026-08-14 22:29:40,334 - aqt.updater - INFO - updater 81436 Patching D:\Qt\5.15.2\mingw81_64\lib\pkgconfig\Qt5Widgets.pc
2026-08-14 22:29:40,346 - aqt.updater - INFO - updater 81436 Patching D:\Qt\5.15.2\mingw81_64\lib\pkgconfig\Qt5WinExtras.pc
2026-08-14 22:29:40,356 - aqt.updater - INFO - updater 81436 Patching D:\Qt\5.15.2\mingw81_64\lib\pkgconfig\Qt5Xml.pc
2026-08-14 22:29:40,363 - aqt.updater - INFO - updater 81436 Patching D:\Qt\5.15.2\mingw81_64\lib\pkgconfig\Qt5XmlPatterns.pc
2026-08-14 22:29:40,375 - aqt.updater - INFO - updater 81436 Patching D:\Qt\5.15.2\mingw81_64\lib\libEGL.prl
2026-08-14 22:29:40,390 - aqt.updater - INFO - updater 81436 Patching D:\Qt\5.15.2\mingw81_64\lib\libGLESv2.prl
2026-08-14 22:29:40,403 - aqt.updater - INFO - updater 81436 Patching D:\Qt\5.15.2\mingw81_64\lib\Qt53DAnimation.prl
2026-08-14 22:29:40,417 - aqt.updater - INFO - updater 81436 Patching D:\Qt\5.15.2\mingw81_64\lib\Qt53DCore.prl
2026-08-14 22:29:40,424 - aqt.updater - INFO - updater 81436 Patching D:\Qt\5.15.2\mingw81_64\lib\Qt53DExtras.prl
2026-08-14 22:29:40,434 - aqt.updater - INFO - updater 81436 Patching D:\Qt\5.15.2\mingw81_64\lib\Qt53DInput.prl
2026-08-14 22:29:40,443 - aqt.updater - INFO - updater 81436 Patching D:\Qt\5.15.2\mingw81_64\lib\Qt53DLogic.prl
2026-08-14 22:29:40,454 - aqt.updater - INFO - updater 81436 Patching D:\Qt\5.15.2\mingw81_64\lib\Qt53DQuick.prl
2026-08-14 22:29:40,463 - aqt.updater - INFO - updater 81436 Patching D:\Qt\5.15.2\mingw81_64\lib\Qt53DQuickAnimation.prl
2026-08-14 22:29:40,472 - aqt.updater - INFO - updater 81436 Patching D:\Qt\5.15.2\mingw81_64\lib\Qt53DQuickExtras.prl
2026-08-14 22:29:40,483 - aqt.updater - INFO - updater 81436 Patching D:\Qt\5.15.2\mingw81_64\lib\Qt53DQuickInput.prl
2026-08-14 22:29:40,496 - aqt.updater - INFO - updater 81436 Patching D:\Qt\5.15.2\mingw81_64\lib\Qt53DQuickRender.prl
2026-08-14 22:29:40,503 - aqt.updater - INFO - updater 81436 Patching D:\Qt\5.15.2\mingw81_64\lib\Qt53DQuickScene2D.prl
2026-08-14 22:29:40,517 - aqt.updater - INFO - updater 81436 Patching D:\Qt\5.15.2\mingw81_64\lib\Qt53DRender.prl
2026-08-14 22:29:40,525 - aqt.updater - INFO - updater 81436 Patching D:\Qt\5.15.2\mingw81_64\lib\Qt5AccessibilitySupport.prl
2026-08-14 22:29:40,540 - aqt.updater - INFO - updater 81436 Patching D:\Qt\5.15.2\mingw81_64\lib\Qt5AxBase.prl
2026-08-14 22:29:40,549 - aqt.updater - INFO - updater 81436 Patching D:\Qt\5.15.2\mingw81_64\lib\Qt5AxContainer.prl
2026-08-14 22:29:40,558 - aqt.updater - INFO - updater 81436 Patching D:\Qt\5.15.2\mingw81_64\lib\Qt5AxServer.prl
2026-08-14 22:29:40,568 - aqt.updater - INFO - updater 81436 Patching D:\Qt\5.15.2\mingw81_64\lib\Qt5Bluetooth.prl
2026-08-14 22:29:40,575 - aqt.updater - INFO - updater 81436 Patching D:\Qt\5.15.2\mingw81_64\lib\Qt5Bootstrap.prl
2026-08-14 22:29:40,588 - aqt.updater - INFO - updater 81436 Patching D:\Qt\5.15.2\mingw81_64\lib\Qt5Concurrent.prl
2026-08-14 22:29:40,597 - aqt.updater - INFO - updater 81436 Patching D:\Qt\5.15.2\mingw81_64\lib\Qt5Core.prl
2026-08-14 22:29:40,605 - aqt.updater - INFO - updater 81436 Patching D:\Qt\5.15.2\mingw81_64\lib\Qt5DBus.prl
2026-08-14 22:29:40,615 - aqt.updater - INFO - updater 81436 Patching D:\Qt\5.15.2\mingw81_64\lib\Qt5Designer.prl
2026-08-14 22:29:40,623 - aqt.updater - INFO - updater 81436 Patching D:\Qt\5.15.2\mingw81_64\lib\Qt5DesignerComponents.prl
2026-08-14 22:29:40,633 - aqt.updater - INFO - updater 81436 Patching D:\Qt\5.15.2\mingw81_64\lib\Qt5DeviceDiscoverySupport.prl
2026-08-14 22:29:40,644 - aqt.updater - INFO - updater 81436 Patching D:\Qt\5.15.2\mingw81_64\lib\Qt5EdidSupport.prl
2026-08-14 22:29:40,655 - aqt.updater - INFO - updater 81436 Patching D:\Qt\5.15.2\mingw81_64\lib\Qt5EglSupport.prl
2026-08-14 22:29:40,664 - aqt.updater - INFO - updater 81436 Patching D:\Qt\5.15.2\mingw81_64\lib\Qt5EventDispatcherSupport.prl
2026-08-14 22:29:40,675 - aqt.updater - INFO - updater 81436 Patching D:\Qt\5.15.2\mingw81_64\lib\Qt5FbSupport.prl
2026-08-14 22:29:40,684 - aqt.updater - INFO - updater 81436 Patching D:\Qt\5.15.2\mingw81_64\lib\Qt5FontDatabaseSupport.prl
2026-08-14 22:29:40,696 - aqt.updater - INFO - updater 81436 Patching D:\Qt\5.15.2\mingw81_64\lib\Qt5Gamepad.prl
2026-08-14 22:29:40,705 - aqt.updater - INFO - updater 81436 Patching D:\Qt\5.15.2\mingw81_64\lib\Qt5Gui.prl
2026-08-14 22:29:40,713 - aqt.updater - INFO - updater 81436 Patching D:\Qt\5.15.2\mingw81_64\lib\Qt5Help.prl
2026-08-14 22:29:40,720 - aqt.updater - INFO - updater 81436 Patching D:\Qt\5.15.2\mingw81_64\lib\Qt5Location.prl
2026-08-14 22:29:40,732 - aqt.updater - INFO - updater 81436 Patching D:\Qt\5.15.2\mingw81_64\lib\Qt5Multimedia.prl
2026-08-14 22:29:40,739 - aqt.updater - INFO - updater 81436 Patching D:\Qt\5.15.2\mingw81_64\lib\Qt5MultimediaQuick.prl
2026-08-14 22:29:40,750 - aqt.updater - INFO - updater 81436 Patching D:\Qt\5.15.2\mingw81_64\lib\Qt5MultimediaWidgets.prl
2026-08-14 22:29:40,760 - aqt.updater - INFO - updater 81436 Patching D:\Qt\5.15.2\mingw81_64\lib\Qt5Network.prl
2026-08-14 22:29:40,768 - aqt.updater - INFO - updater 81436 Patching D:\Qt\5.15.2\mingw81_64\lib\Qt5Nfc.prl
2026-08-14 22:29:40,780 - aqt.updater - INFO - updater 81436 Patching D:\Qt\5.15.2\mingw81_64\lib\Qt5OpenGL.prl
2026-08-14 22:29:40,787 - aqt.updater - INFO - updater 81436 Patching D:\Qt\5.15.2\mingw81_64\lib\Qt5OpenGLExtensions.prl
2026-08-14 22:29:40,796 - aqt.updater - INFO - updater 81436 Patching D:\Qt\5.15.2\mingw81_64\lib\Qt5PacketProtocol.prl
2026-08-14 22:29:40,804 - aqt.updater - INFO - updater 81436 Patching D:\Qt\5.15.2\mingw81_64\lib\Qt5PlatformCompositorSupport.prl
2026-08-14 22:29:40,814 - aqt.updater - INFO - updater 81436 Patching D:\Qt\5.15.2\mingw81_64\lib\Qt5Positioning.prl
2026-08-14 22:29:40,824 - aqt.updater - INFO - updater 81436 Patching D:\Qt\5.15.2\mingw81_64\lib\Qt5PositioningQuick.prl
2026-08-14 22:29:40,832 - aqt.updater - INFO - updater 81436 Patching D:\Qt\5.15.2\mingw81_64\lib\Qt5PrintSupport.prl
2026-08-14 22:29:40,841 - aqt.updater - INFO - updater 81436 Patching D:\Qt\5.15.2\mingw81_64\lib\Qt5Qml.prl
2026-08-14 22:29:40,850 - aqt.updater - INFO - updater 81436 Patching D:\Qt\5.15.2\mingw81_64\lib\Qt5QmlDebug.prl
2026-08-14 22:29:40,858 - aqt.updater - INFO - updater 81436 Patching D:\Qt\5.15.2\mingw81_64\lib\Qt5QmlDevTools.prl
2026-08-14 22:29:40,869 - aqt.updater - INFO - updater 81436 Patching D:\Qt\5.15.2\mingw81_64\lib\Qt5QmlModels.prl
2026-08-14 22:29:40,881 - aqt.updater - INFO - updater 81436 Patching D:\Qt\5.15.2\mingw81_64\lib\Qt5QmlWorkerScript.prl
2026-08-14 22:29:40,890 - aqt.updater - INFO - updater 81436 Patching D:\Qt\5.15.2\mingw81_64\lib\Qt5Quick.prl
2026-08-14 22:29:40,900 - aqt.updater - INFO - updater 81436 Patching D:\Qt\5.15.2\mingw81_64\lib\Qt5QuickControls2.prl
2026-08-14 22:29:40,910 - aqt.updater - INFO - updater 81436 Patching D:\Qt\5.15.2\mingw81_64\lib\Qt5QuickParticles.prl
2026-08-14 22:29:40,919 - aqt.updater - INFO - updater 81436 Patching D:\Qt\5.15.2\mingw81_64\lib\Qt5QuickShapes.prl
2026-08-14 22:29:40,928 - aqt.updater - INFO - updater 81436 Patching D:\Qt\5.15.2\mingw81_64\lib\Qt5QuickTemplates2.prl
2026-08-14 22:29:40,940 - aqt.updater - INFO - updater 81436 Patching D:\Qt\5.15.2\mingw81_64\lib\Qt5QuickTest.prl
2026-08-14 22:29:40,950 - aqt.updater - INFO - updater 81436 Patching D:\Qt\5.15.2\mingw81_64\lib\Qt5QuickWidgets.prl
2026-08-14 22:29:40,962 - aqt.updater - INFO - updater 81436 Patching D:\Qt\5.15.2\mingw81_64\lib\Qt5RemoteObjects.prl
2026-08-14 22:29:40,970 - aqt.updater - INFO - updater 81436 Patching D:\Qt\5.15.2\mingw81_64\lib\Qt5Scxml.prl
2026-08-14 22:29:40,978 - aqt.updater - INFO - updater 81436 Patching D:\Qt\5.15.2\mingw81_64\lib\Qt5Sensors.prl
2026-08-14 22:29:40,988 - aqt.updater - INFO - updater 81436 Patching D:\Qt\5.15.2\mingw81_64\lib\Qt5SerialBus.prl
2026-08-14 22:29:40,999 - aqt.updater - INFO - updater 81436 Patching D:\Qt\5.15.2\mingw81_64\lib\Qt5SerialPort.prl
2026-08-14 22:29:41,008 - aqt.updater - INFO - updater 81436 Patching D:\Qt\5.15.2\mingw81_64\lib\Qt5Sql.prl
2026-08-14 22:29:41,016 - aqt.updater - INFO - updater 81436 Patching D:\Qt\5.15.2\mingw81_64\lib\Qt5Svg.prl
2026-08-14 22:29:41,025 - aqt.updater - INFO - updater 81436 Patching D:\Qt\5.15.2\mingw81_64\lib\Qt5Test.prl
2026-08-14 22:29:41,035 - aqt.updater - INFO - updater 81436 Patching D:\Qt\5.15.2\mingw81_64\lib\Qt5TextToSpeech.prl
2026-08-14 22:29:41,044 - aqt.updater - INFO - updater 81436 Patching D:\Qt\5.15.2\mingw81_64\lib\Qt5ThemeSupport.prl
2026-08-14 22:29:41,052 - aqt.updater - INFO - updater 81436 Patching D:\Qt\5.15.2\mingw81_64\lib\Qt5UiTools.prl
2026-08-14 22:29:41,066 - aqt.updater - INFO - updater 81436 Patching D:\Qt\5.15.2\mingw81_64\lib\Qt5VulkanSupport.prl
2026-08-14 22:29:41,074 - aqt.updater - INFO - updater 81436 Patching D:\Qt\5.15.2\mingw81_64\lib\Qt5WebChannel.prl
2026-08-14 22:29:41,083 - aqt.updater - INFO - updater 81436 Patching D:\Qt\5.15.2\mingw81_64\lib\Qt5WebSockets.prl
2026-08-14 22:29:41,092 - aqt.updater - INFO - updater 81436 Patching D:\Qt\5.15.2\mingw81_64\lib\Qt5Widgets.prl
2026-08-14 22:29:41,100 - aqt.updater - INFO - updater 81436 Patching D:\Qt\5.15.2\mingw81_64\lib\Qt5WindowsUIAutomationSupport.prl
2026-08-14 22:29:41,111 - aqt.updater - INFO - updater 81436 Patching D:\Qt\5.15.2\mingw81_64\lib\Qt5WinExtras.prl
2026-08-14 22:29:41,120 - aqt.updater - INFO - updater 81436 Patching D:\Qt\5.15.2\mingw81_64\lib\Qt5Xml.prl
2026-08-14 22:29:41,130 - aqt.updater - INFO - updater 81436 Patching D:\Qt\5.15.2\mingw81_64\lib\Qt5XmlPatterns.prl
2026-08-14 22:29:41,142 - aqt.updater - INFO - updater 81436 Patching D:\Qt\5.15.2\mingw81_64\lib\qtfreetype.prl
2026-08-14 22:29:41,152 - aqt.updater - INFO - updater 81436 Patching D:\Qt\5.15.2\mingw81_64\lib\qtlibpng.prl
2026-08-14 22:29:41,159 - aqt.updater - INFO - updater 81436 Patching D:\Qt\5.15.2\mingw81_64\lib\qtmain.prl
2026-08-14 22:29:41,168 - aqt.main - INFO - installer 81436 Finished installation
2026-08-14 22:29:41,169 - aqt.main - INFO - installer 81436 Time elapsed: 174.07595820 second
2026-08-15 07:53:10,319 - aqt.main - INFO - installer 43364 aqtinstall(aqt) v3.3.0 on Python 3.9.7 [CPython MSC v.1929 64 bit (AMD64)]
2026-08-15 07:53:10,319 - aqt.helper - DEBUG - helper 43364 Attempt to download checksum at https://download.qt.io/online/qtsdkrepository/windows_x86/desktop/tools_mingw/Updates.xml.sha256
2026-08-15 07:53:13,005 - aqt.helper - DEBUG - helper 74812 Attempt to download checksum at https://download.qt.io/online/qtsdkrepository/windows_x86/desktop/tools_mingw/qt.tools.win64_mingw810/8.1.0-1-202004170606x86_64-8.1.0-release-posix-seh-rt_v6-rev0.7z.sha256
2026-08-15 07:53:13,916 - aqt.helper - INFO - helper 74812 Downloading qt.tools.win64_mingw810...
2026-08-15 07:53:13,916 - aqt.installer - DEBUG - installer 74812 Download URL: https://download.qt.io/online/qtsdkrepository/windows_x86/desktop/tools_mingw/qt.tools.win64_mingw810/8.1.0-1-202004170606x86_64-8.1.0-release-posix-seh-rt_v6-rev0.7z
2026-08-15 07:53:15,018 - aqt.helper - DEBUG - helper 74812 Asked to redirect(302) to: https://mirrors.sau.edu.cn/qt/online/qtsdkrepository/windows_x86/desktop/tools_mingw/qt.tools.win64_mingw810/8.1.0-1-202004170606x86_64-8.1.0-release-posix-seh-rt_v6-rev0.7z
2026-08-15 07:53:15,018 - aqt.helper - INFO - helper 74812 Redirected: mirrors.sau.edu.cn
2026-08-15 07:54:27,115 - aqt.installer - INFO - installer 74812 Finished installation of x86_64-8.1.0-release-posix-seh-rt_v6-rev0.7z in 74.11317010
2026-08-15 07:54:27,236 - aqt.main - INFO - installer 43364 Finished installation
2026-08-15 07:54:27,236 - aqt.main - INFO - installer 43364 Time elapsed: 76.91711590 second
2026-08-15 07:58:02,551 - aqt.main - INFO - installer 47672 aqtinstall(aqt) v3.3.0 on Python 3.9.7 [CPython MSC v.1929 64 bit (AMD64)]
2026-08-15 07:58:02,552 - aqt.helper - DEBUG - helper 47672 Attempt to download checksum at https://download.qt.io/online/qtsdkrepository/windows_x86/desktop/qt5_5142/Updates.xml.sha256
2026-08-15 07:58:06,499 - aqt.helper - DEBUG - helper 82208 Attempt to download checksum at https://download.qt.io/online/qtsdkrepository/windows_x86/desktop/qt5_5142/qt.qt5.5142.win64_mingw73/5.14.2-0-202003291224qtbase-Windows-Windows_10-Mingw73-Windows-Windows_10-X86_64.7z.sha256
2026-08-15 07:58:06,503 - aqt.helper - DEBUG - helper 8468 Attempt to download checksum at https://download.qt.io/online/qtsdkrepository/windows_x86/desktop/qt5_5142/qt.qt5.5142.win64_mingw73/5.14.2-0-202003291224qtactiveqt-Windows-Windows_10-Mingw73-Windows-Windows_10-X86_64.7z.sha256
2026-08-15 07:58:06,509 - aqt.helper - DEBUG - helper 75616 Attempt to download checksum at https://download.qt.io/online/qtsdkrepository/windows_x86/desktop/qt5_5142/qt.qt5.5142.win64_mingw73/5.14.2-0-202003291224qttranslations-Windows-Windows_10-Mingw73-Windows-Windows_10-X86_64.7z.sha256
2026-08-15 07:58:06,509 - aqt.helper - DEBUG - helper 77108 Attempt to download checksum at https://download.qt.io/online/qtsdkrepository/windows_x86/desktop/qt5_5142/qt.qt5.5142.win64_mingw73/5.14.2-0-202003291224qtsvg-Windows-Windows_10-Mingw73-Windows-Windows_10-X86_64.7z.sha256
2026-08-15 07:58:07,457 - aqt.helper - INFO - helper 75616 Downloading qttranslations...
2026-08-15 07:58:07,457 - aqt.installer - DEBUG - installer 75616 Download URL: https://download.qt.io/online/qtsdkrepository/windows_x86/desktop/qt5_5142/qt.qt5.5142.win64_mingw73/5.14.2-0-202003291224qttranslations-Windows-Windows_10-Mingw73-Windows-Windows_10-X86_64.7z
2026-08-15 07:58:07,523 - aqt.helper - INFO - helper 8468 Downloading qtactiveqt...
2026-08-15 07:58:07,524 - aqt.installer - DEBUG - installer 8468 Download URL: https://download.qt.io/online/qtsdkrepository/windows_x86/desktop/qt5_5142/qt.qt5.5142.win64_mingw73/5.14.2-0-202003291224qtactiveqt-Windows-Windows_10-Mingw73-Windows-Windows_10-X86_64.7z
2026-08-15 07:58:07,554 - aqt.helper - INFO - helper 77108 Downloading qtsvg...
2026-08-15 07:58:07,554 - aqt.installer - DEBUG - installer 77108 Download URL: https://download.qt.io/online/qtsdkrepository/windows_x86/desktop/qt5_5142/qt.qt5.5142.win64_mingw73/5.14.2-0-202003291224qtsvg-Windows-Windows_10-Mingw73-Windows-Windows_10-X86_64.7z
2026-08-15 07:58:07,609 - aqt.helper - INFO - helper 82208 Downloading qtbase...
2026-08-15 07:58:07,609 - aqt.installer - DEBUG - installer 82208 Download URL: https://download.qt.io/online/qtsdkrepository/windows_x86/desktop/qt5_5142/qt.qt5.5142.win64_mingw73/5.14.2-0-202003291224qtbase-Windows-Windows_10-Mingw73-Windows-Windows_10-X86_64.7z
2026-08-15 07:58:08,433 - aqt.helper - DEBUG - helper 8468 Asked to redirect(302) to: https://mirrors.sau.edu.cn/qt/online/qtsdkrepository/windows_x86/desktop/qt5_5142/qt.qt5.5142.win64_mingw73/5.14.2-0-202003291224qtactiveqt-Windows-Windows_10-Mingw73-Windows-Windows_10-X86_64.7z
2026-08-15 07:58:08,434 - aqt.helper - INFO - helper 8468 Redirected: mirrors.sau.edu.cn
2026-08-15 07:58:08,495 - aqt.helper - DEBUG - helper 75616 Asked to redirect(302) to: https://mirrors.sau.edu.cn/qt/online/qtsdkrepository/windows_x86/desktop/qt5_5142/qt.qt5.5142.win64_mingw73/5.14.2-0-202003291224qttranslations-Windows-Windows_10-Mingw73-Windows-Windows_10-X86_64.7z
2026-08-15 07:58:08,495 - aqt.helper - INFO - helper 75616 Redirected: mirrors.sau.edu.cn
2026-08-15 07:58:08,611 - aqt.helper - DEBUG - helper 77108 Asked to redirect(302) to: https://mirrors.sau.edu.cn/qt/online/qtsdkrepository/windows_x86/desktop/qt5_5142/qt.qt5.5142.win64_mingw73/5.14.2-0-202003291224qtsvg-Windows-Windows_10-Mingw73-Windows-Windows_10-X86_64.7z
2026-08-15 07:58:08,612 - aqt.helper - INFO - helper 77108 Redirected: mirrors.sau.edu.cn
2026-08-15 07:58:08,676 - aqt.helper - DEBUG - helper 82208 Asked to redirect(302) to: https://mirrors.sau.edu.cn/qt/online/qtsdkrepository/windows_x86/desktop/qt5_5142/qt.qt5.5142.win64_mingw73/5.14.2-0-202003291224qtbase-Windows-Windows_10-Mingw73-Windows-Windows_10-X86_64.7z
2026-08-15 07:58:08,676 - aqt.helper - INFO - helper 82208 Redirected: mirrors.sau.edu.cn
2026-08-15 07:58:09,160 - aqt.installer - INFO - installer 77108 Finished installation of qtsvg-Windows-Windows_10-Mingw73-Windows-Windows_10-X86_64.7z in 2.65426530
2026-08-15 07:58:09,174 - aqt.helper - DEBUG - helper 77108 Attempt to download checksum at https://download.qt.io/online/qtsdkrepository/windows_x86/desktop/qt5_5142/qt.qt5.5142.win64_mingw73/5.14.2-0-202003291224qtdeclarative-Windows-Windows_10-Mingw73-Windows-Windows_10-X86_64.7z.sha256
2026-08-15 07:58:10,036 - aqt.helper - INFO - helper 77108 Downloading qtdeclarative...
2026-08-15 07:58:10,036 - aqt.installer - DEBUG - installer 77108 Download URL: https://download.qt.io/online/qtsdkrepository/windows_x86/desktop/qt5_5142/qt.qt5.5142.win64_mingw73/5.14.2-0-202003291224qtdeclarative-Windows-Windows_10-Mingw73-Windows-Windows_10-X86_64.7z
2026-08-15 07:58:10,432 - aqt.installer - INFO - installer 75616 Finished installation of qttranslations-Windows-Windows_10-Mingw73-Windows-Windows_10-X86_64.7z in 3.92608680
2026-08-15 07:58:10,446 - aqt.helper - DEBUG - helper 75616 Attempt to download checksum at https://download.qt.io/online/qtsdkrepository/windows_x86/desktop/qt5_5142/qt.qt5.5142.win64_mingw73/5.14.2-0-202003291224qtgraphicaleffects-Windows-Windows_10-Mingw73-Windows-Windows_10-X86_64.7z.sha256
2026-08-15 07:58:11,082 - aqt.helper - DEBUG - helper 77108 Asked to redirect(302) to: https://mirrors.sau.edu.cn/qt/online/qtsdkrepository/windows_x86/desktop/qt5_5142/qt.qt5.5142.win64_mingw73/5.14.2-0-202003291224qtdeclarative-Windows-Windows_10-Mingw73-Windows-Windows_10-X86_64.7z
2026-08-15 07:58:11,082 - aqt.helper - INFO - helper 77108 Redirected: mirrors.sau.edu.cn
2026-08-15 07:58:11,350 - aqt.helper - INFO - helper 75616 Downloading qtgraphicaleffects...
2026-08-15 07:58:11,350 - aqt.installer - DEBUG - installer 75616 Download URL: https://download.qt.io/online/qtsdkrepository/windows_x86/desktop/qt5_5142/qt.qt5.5142.win64_mingw73/5.14.2-0-202003291224qtgraphicaleffects-Windows-Windows_10-Mingw73-Windows-Windows_10-X86_64.7z
2026-08-15 07:58:12,296 - aqt.helper - DEBUG - helper 75616 Asked to redirect(302) to: https://mirrors.sau.edu.cn/qt/online/qtsdkrepository/windows_x86/desktop/qt5_5142/qt.qt5.5142.win64_mingw73/5.14.2-0-202003291224qtgraphicaleffects-Windows-Windows_10-Mingw73-Windows-Windows_10-X86_64.7z
2026-08-15 07:58:12,297 - aqt.helper - INFO - helper 75616 Redirected: mirrors.sau.edu.cn
2026-08-15 07:58:12,691 - aqt.installer - INFO - installer 75616 Finished installation of qtgraphicaleffects-Windows-Windows_10-Mingw73-Windows-Windows_10-X86_64.7z in 2.24865300
2026-08-15 07:58:12,710 - aqt.helper - DEBUG - helper 75616 Attempt to download checksum at https://download.qt.io/online/qtsdkrepository/windows_x86/desktop/qt5_5142/qt.qt5.5142.win64_mingw73/5.14.2-0-202003291224qtwinextras-Windows-Windows_10-Mingw73-Windows-Windows_10-X86_64.7z.sha256
2026-08-15 07:58:12,937 - aqt.installer - INFO - installer 8468 Finished installation of qtactiveqt-Windows-Windows_10-Mingw73-Windows-Windows_10-X86_64.7z in 6.43669500
2026-08-15 07:58:12,956 - aqt.helper - DEBUG - helper 8468 Attempt to download checksum at https://download.qt.io/online/qtsdkrepository/windows_x86/desktop/qt5_5142/qt.qt5.5142.win64_mingw73/5.14.2-0-202003291224qtmultimedia-Windows-Windows_10-Mingw73-Windows-Windows_10-X86_64.7z.sha256
2026-08-15 07:58:14,080 - aqt.helper - INFO - helper 8468 Downloading qtmultimedia...
2026-08-15 07:58:14,081 - aqt.installer - DEBUG - installer 8468 Download URL: https://download.qt.io/online/qtsdkrepository/windows_x86/desktop/qt5_5142/qt.qt5.5142.win64_mingw73/5.14.2-0-202003291224qtmultimedia-Windows-Windows_10-Mingw73-Windows-Windows_10-X86_64.7z
2026-08-15 07:58:14,226 - aqt.helper - INFO - helper 75616 Downloading qtwinextras...
2026-08-15 07:58:14,227 - aqt.installer - DEBUG - installer 75616 Download URL: https://download.qt.io/online/qtsdkrepository/windows_x86/desktop/qt5_5142/qt.qt5.5142.win64_mingw73/5.14.2-0-202003291224qtwinextras-Windows-Windows_10-Mingw73-Windows-Windows_10-X86_64.7z
2026-08-15 07:58:15,008 - aqt.helper - DEBUG - helper 8468 Asked to redirect(302) to: https://mirrors.sau.edu.cn/qt/online/qtsdkrepository/windows_x86/desktop/qt5_5142/qt.qt5.5142.win64_mingw73/5.14.2-0-202003291224qtmultimedia-Windows-Windows_10-Mingw73-Windows-Windows_10-X86_64.7z
2026-08-15 07:58:15,009 - aqt.helper - INFO - helper 8468 Redirected: mirrors.sau.edu.cn
2026-08-15 07:58:15,304 - aqt.helper - DEBUG - helper 75616 Asked to redirect(302) to: https://mirrors.sau.edu.cn/qt/online/qtsdkrepository/windows_x86/desktop/qt5_5142/qt.qt5.5142.win64_mingw73/5.14.2-0-202003291224qtwinextras-Windows-Windows_10-Mingw73-Windows-Windows_10-X86_64.7z
2026-08-15 07:58:15,304 - aqt.helper - INFO - helper 75616 Redirected: mirrors.sau.edu.cn
2026-08-15 07:58:15,725 - aqt.installer - INFO - installer 75616 Finished installation of qtwinextras-Windows-Windows_10-Mingw73-Windows-Windows_10-X86_64.7z in 3.01691550
2026-08-15 07:58:15,741 - aqt.helper - DEBUG - helper 75616 Attempt to download checksum at https://download.qt.io/online/qtsdkrepository/windows_x86/desktop/qt5_5142/qt.qt5.5142.win64_mingw73/5.14.2-0-202003291224qtimageformats-Windows-Windows_10-Mingw73-Windows-Windows_10-X86_64.7z.sha256
2026-08-15 07:58:16,754 - aqt.installer - INFO - installer 8468 Finished installation of qtmultimedia-Windows-Windows_10-Mingw73-Windows-Windows_10-X86_64.7z in 3.79997730
2026-08-15 07:58:16,776 - aqt.helper - DEBUG - helper 8468 Attempt to download checksum at https://download.qt.io/online/qtsdkrepository/windows_x86/desktop/qt5_5142/qt.qt5.5142.win64_mingw73/5.14.2-0-202003291224qttools-Windows-Windows_10-Mingw73-Windows-Windows_10-X86_64.7z.sha256
2026-08-15 07:58:16,850 - aqt.helper - INFO - helper 75616 Downloading qtimageformats...
2026-08-15 07:58:16,850 - aqt.installer - DEBUG - installer 75616 Download URL: https://download.qt.io/online/qtsdkrepository/windows_x86/desktop/qt5_5142/qt.qt5.5142.win64_mingw73/5.14.2-0-202003291224qtimageformats-Windows-Windows_10-Mingw73-Windows-Windows_10-X86_64.7z
2026-08-15 07:58:17,686 - aqt.helper - INFO - helper 8468 Downloading qttools...
2026-08-15 07:58:17,686 - aqt.installer - DEBUG - installer 8468 Download URL: https://download.qt.io/online/qtsdkrepository/windows_x86/desktop/qt5_5142/qt.qt5.5142.win64_mingw73/5.14.2-0-202003291224qttools-Windows-Windows_10-Mingw73-Windows-Windows_10-X86_64.7z
2026-08-15 07:58:17,763 - aqt.helper - DEBUG - helper 75616 Asked to redirect(302) to: https://mirrors.sau.edu.cn/qt/online/qtsdkrepository/windows_x86/desktop/qt5_5142/qt.qt5.5142.win64_mingw73/5.14.2-0-202003291224qtimageformats-Windows-Windows_10-Mingw73-Windows-Windows_10-X86_64.7z
2026-08-15 07:58:17,763 - aqt.helper - INFO - helper 75616 Redirected: mirrors.sau.edu.cn
2026-08-15 07:58:18,346 - aqt.installer - INFO - installer 75616 Finished installation of qtimageformats-Windows-Windows_10-Mingw73-Windows-Windows_10-X86_64.7z in 2.60744190
2026-08-15 07:58:18,367 - aqt.helper - DEBUG - helper 75616 Attempt to download checksum at https://download.qt.io/online/qtsdkrepository/windows_x86/desktop/qt5_5142/qt.qt5.5142.win64_mingw73/5.14.2-0-202003291224qtsensors-Windows-Windows_10-Mingw73-Windows-Windows_10-X86_64.7z.sha256
2026-08-15 07:58:18,746 - aqt.helper - DEBUG - helper 8468 Asked to redirect(302) to: https://mirrors.sau.edu.cn/qt/online/qtsdkrepository/windows_x86/desktop/qt5_5142/qt.qt5.5142.win64_mingw73/5.14.2-0-202003291224qttools-Windows-Windows_10-Mingw73-Windows-Windows_10-X86_64.7z
2026-08-15 07:58:18,746 - aqt.helper - INFO - helper 8468 Redirected: mirrors.sau.edu.cn
2026-08-15 07:58:19,408 - aqt.helper - INFO - helper 75616 Downloading qtsensors...
2026-08-15 07:58:19,408 - aqt.installer - DEBUG - installer 75616 Download URL: https://download.qt.io/online/qtsdkrepository/windows_x86/desktop/qt5_5142/qt.qt5.5142.win64_mingw73/5.14.2-0-202003291224qtsensors-Windows-Windows_10-Mingw73-Windows-Windows_10-X86_64.7z
2026-08-15 07:58:20,593 - aqt.helper - DEBUG - helper 75616 Asked to redirect(302) to: https://mirrors.sau.edu.cn/qt/online/qtsdkrepository/windows_x86/desktop/qt5_5142/qt.qt5.5142.win64_mingw73/5.14.2-0-202003291224qtsensors-Windows-Windows_10-Mingw73-Windows-Windows_10-X86_64.7z
2026-08-15 07:58:20,593 - aqt.helper - INFO - helper 75616 Redirected: mirrors.sau.edu.cn
2026-08-15 07:58:21,162 - aqt.installer - INFO - installer 75616 Finished installation of qtsensors-Windows-Windows_10-Mingw73-Windows-Windows_10-X86_64.7z in 2.79940340
2026-08-15 07:58:21,182 - aqt.helper - DEBUG - helper 75616 Attempt to download checksum at https://download.qt.io/online/qtsdkrepository/windows_x86/desktop/qt5_5142/qt.qt5.5142.win64_mingw73/5.14.2-0-202003291224qtwebsockets-Windows-Windows_10-Mingw73-Windows-Windows_10-X86_64.7z.sha256
2026-08-15 07:58:21,561 - aqt.installer - INFO - installer 77108 Finished installation of qtdeclarative-Windows-Windows_10-Mingw73-Windows-Windows_10-X86_64.7z in 12.38974940
2026-08-15 07:58:21,592 - aqt.helper - DEBUG - helper 77108 Attempt to download checksum at https://download.qt.io/online/qtsdkrepository/windows_x86/desktop/qt5_5142/qt.qt5.5142.win64_mingw73/5.14.2-0-202003291224qtwebchannel-Windows-Windows_10-Mingw73-Windows-Windows_10-X86_64.7z.sha256
2026-08-15 07:58:22,249 - aqt.helper - INFO - helper 75616 Downloading qtwebsockets...
2026-08-15 07:58:22,250 - aqt.installer - DEBUG - installer 75616 Download URL: https://download.qt.io/online/qtsdkrepository/windows_x86/desktop/qt5_5142/qt.qt5.5142.win64_mingw73/5.14.2-0-202003291224qtwebsockets-Windows-Windows_10-Mingw73-Windows-Windows_10-X86_64.7z
2026-08-15 07:58:22,587 - aqt.helper - INFO - helper 77108 Downloading qtwebchannel...
2026-08-15 07:58:22,587 - aqt.installer - DEBUG - installer 77108 Download URL: https://download.qt.io/online/qtsdkrepository/windows_x86/desktop/qt5_5142/qt.qt5.5142.win64_mingw73/5.14.2-0-202003291224qtwebchannel-Windows-Windows_10-Mingw73-Windows-Windows_10-X86_64.7z
2026-08-15 07:58:23,159 - aqt.helper - DEBUG - helper 75616 Asked to redirect(302) to: https://mirrors.sau.edu.cn/qt/online/qtsdkrepository/windows_x86/desktop/qt5_5142/qt.qt5.5142.win64_mingw73/5.14.2-0-202003291224qtwebsockets-Windows-Windows_10-Mingw73-Windows-Windows_10-X86_64.7z
2026-08-15 07:58:23,160 - aqt.helper - INFO - helper 75616 Redirected: mirrors.sau.edu.cn
2026-08-15 07:58:23,493 - aqt.helper - DEBUG - helper 77108 Asked to redirect(302) to: https://mirrors.sau.edu.cn/qt/online/qtsdkrepository/windows_x86/desktop/qt5_5142/qt.qt5.5142.win64_mingw73/5.14.2-0-202003291224qtwebchannel-Windows-Windows_10-Mingw73-Windows-Windows_10-X86_64.7z
2026-08-15 07:58:23,493 - aqt.helper - INFO - helper 77108 Redirected: mirrors.sau.edu.cn
2026-08-15 07:58:23,510 - aqt.installer - INFO - installer 75616 Finished installation of qtwebsockets-Windows-Windows_10-Mingw73-Windows-Windows_10-X86_64.7z in 2.33287010
2026-08-15 07:58:23,528 - aqt.helper - DEBUG - helper 75616 Attempt to download checksum at https://download.qt.io/online/qtsdkrepository/windows_x86/desktop/qt5_5142/qt.qt5.5142.win64_mingw73/5.14.2-0-202003291224qtserialport-Windows-Windows_10-Mingw73-Windows-Windows_10-X86_64.7z.sha256
2026-08-15 07:58:23,812 - aqt.installer - INFO - installer 77108 Finished installation of qtwebchannel-Windows-Windows_10-Mingw73-Windows-Windows_10-X86_64.7z in 2.22248910
2026-08-15 07:58:23,827 - aqt.helper - DEBUG - helper 77108 Attempt to download checksum at https://download.qt.io/online/qtsdkrepository/windows_x86/desktop/qt5_5142/qt.qt5.5142.win64_mingw73/5.14.2-0-202003291224qtlocation-Windows-Windows_10-Mingw73-Windows-Windows_10-X86_64.7z.sha256
2026-08-15 07:58:24,560 - aqt.helper - INFO - helper 75616 Downloading qtserialport...
2026-08-15 07:58:24,560 - aqt.installer - DEBUG - installer 75616 Download URL: https://download.qt.io/online/qtsdkrepository/windows_x86/desktop/qt5_5142/qt.qt5.5142.win64_mingw73/5.14.2-0-202003291224qtserialport-Windows-Windows_10-Mingw73-Windows-Windows_10-X86_64.7z
2026-08-15 07:58:24,727 - aqt.helper - INFO - helper 77108 Downloading qtlocation...
2026-08-15 07:58:24,728 - aqt.installer - DEBUG - installer 77108 Download URL: https://download.qt.io/online/qtsdkrepository/windows_x86/desktop/qt5_5142/qt.qt5.5142.win64_mingw73/5.14.2-0-202003291224qtlocation-Windows-Windows_10-Mingw73-Windows-Windows_10-X86_64.7z
2026-08-15 07:58:25,439 - aqt.helper - DEBUG - helper 75616 Asked to redirect(302) to: https://mirrors.sau.edu.cn/qt/online/qtsdkrepository/windows_x86/desktop/qt5_5142/qt.qt5.5142.win64_mingw73/5.14.2-0-202003291224qtserialport-Windows-Windows_10-Mingw73-Windows-Windows_10-X86_64.7z
2026-08-15 07:58:25,439 - aqt.helper - INFO - helper 75616 Redirected: mirrors.sau.edu.cn
2026-08-15 07:58:25,763 - aqt.helper - DEBUG - helper 77108 Asked to redirect(302) to: https://mirrors.sau.edu.cn/qt/online/qtsdkrepository/windows_x86/desktop/qt5_5142/qt.qt5.5142.win64_mingw73/5.14.2-0-202003291224qtlocation-Windows-Windows_10-Mingw73-Windows-Windows_10-X86_64.7z
2026-08-15 07:58:25,763 - aqt.helper - INFO - helper 77108 Redirected: mirrors.sau.edu.cn
2026-08-15 07:58:25,769 - aqt.installer - INFO - installer 75616 Finished installation of qtserialport-Windows-Windows_10-Mingw73-Windows-Windows_10-X86_64.7z in 2.24394300
2026-08-15 07:58:25,786 - aqt.helper - DEBUG - helper 75616 Attempt to download checksum at https://download.qt.io/online/qtsdkrepository/windows_x86/desktop/qt5_5142/qt.qt5.5142.win64_mingw73/5.14.2-0-202003291224qtquickcontrols-Windows-Windows_10-Mingw73-Windows-Windows_10-X86_64.7z.sha256
2026-08-15 07:58:26,816 - aqt.helper - INFO - helper 75616 Downloading qtquickcontrols...
2026-08-15 07:58:26,816 - aqt.installer - DEBUG - installer 75616 Download URL: https://download.qt.io/online/qtsdkrepository/windows_x86/desktop/qt5_5142/qt.qt5.5142.win64_mingw73/5.14.2-0-202003291224qtquickcontrols-Windows-Windows_10-Mingw73-Windows-Windows_10-X86_64.7z
2026-08-15 07:58:27,860 - aqt.helper - DEBUG - helper 75616 Asked to redirect(302) to: https://mirrors.sau.edu.cn/qt/online/qtsdkrepository/windows_x86/desktop/qt5_5142/qt.qt5.5142.win64_mingw73/5.14.2-0-202003291224qtquickcontrols-Windows-Windows_10-Mingw73-Windows-Windows_10-X86_64.7z
2026-08-15 07:58:27,860 - aqt.helper - INFO - helper 75616 Redirected: mirrors.sau.edu.cn
2026-08-15 07:58:29,419 - aqt.installer - INFO - installer 75616 Finished installation of qtquickcontrols-Windows-Windows_10-Mingw73-Windows-Windows_10-X86_64.7z in 3.63547830
2026-08-15 07:58:30,053 - aqt.helper - DEBUG - helper 2304 Attempt to download checksum at https://download.qt.io/online/qtsdkrepository/windows_x86/desktop/qt5_5142/qt.qt5.5142.win64_mingw73/5.14.2-0-202003291224qtquickcontrols2-Windows-Windows_10-Mingw73-Windows-Windows_10-X86_64.7z.sha256
2026-08-15 07:58:31,018 - aqt.installer - INFO - installer 77108 Finished installation of qtlocation-Windows-Windows_10-Mingw73-Windows-Windows_10-X86_64.7z in 7.19509110
2026-08-15 07:58:31,036 - aqt.helper - DEBUG - helper 77108 Attempt to download checksum at https://download.qt.io/online/qtsdkrepository/windows_x86/desktop/qt5_5142/qt.qt5.5142.win64_mingw73/5.14.2-0-202003291224qtserialbus-Windows-Windows_10-Mingw73-Windows-Windows_10-X86_64.7z.sha256
2026-08-15 07:58:31,106 - aqt.helper - INFO - helper 2304 Downloading qtquickcontrols2...
2026-08-15 07:58:31,107 - aqt.installer - DEBUG - installer 2304 Download URL: https://download.qt.io/online/qtsdkrepository/windows_x86/desktop/qt5_5142/qt.qt5.5142.win64_mingw73/5.14.2-0-202003291224qtquickcontrols2-Windows-Windows_10-Mingw73-Windows-Windows_10-X86_64.7z
2026-08-15 07:58:32,162 - aqt.helper - INFO - helper 77108 Downloading qtserialbus...
2026-08-15 07:58:32,162 - aqt.installer - DEBUG - installer 77108 Download URL: https://download.qt.io/online/qtsdkrepository/windows_x86/desktop/qt5_5142/qt.qt5.5142.win64_mingw73/5.14.2-0-202003291224qtserialbus-Windows-Windows_10-Mingw73-Windows-Windows_10-X86_64.7z
2026-08-15 07:58:32,174 - aqt.helper - DEBUG - helper 2304 Asked to redirect(302) to: https://mirrors.sau.edu.cn/qt/online/qtsdkrepository/windows_x86/desktop/qt5_5142/qt.qt5.5142.win64_mingw73/5.14.2-0-202003291224qtquickcontrols2-Windows-Windows_10-Mingw73-Windows-Windows_10-X86_64.7z
2026-08-15 07:58:32,174 - aqt.helper - INFO - helper 2304 Redirected: mirrors.sau.edu.cn
2026-08-15 07:58:33,113 - aqt.helper - DEBUG - helper 77108 Asked to redirect(302) to: https://mirrors.sau.edu.cn/qt/online/qtsdkrepository/windows_x86/desktop/qt5_5142/qt.qt5.5142.win64_mingw73/5.14.2-0-202003291224qtserialbus-Windows-Windows_10-Mingw73-Windows-Windows_10-X86_64.7z
2026-08-15 07:58:33,114 - aqt.helper - INFO - helper 77108 Redirected: mirrors.sau.edu.cn
2026-08-15 07:58:33,609 - aqt.installer - INFO - installer 77108 Finished installation of qtserialbus-Windows-Windows_10-Mingw73-Windows-Windows_10-X86_64.7z in 2.57661910
2026-08-15 07:58:33,630 - aqt.helper - DEBUG - helper 77108 Attempt to download checksum at https://download.qt.io/online/qtsdkrepository/windows_x86/desktop/qt5_5142/qt.qt5.5142.win64_mingw73/5.14.2-0-202003291224qtscxml-Windows-Windows_10-Mingw73-Windows-Windows_10-X86_64.7z.sha256
2026-08-15 07:58:33,727 - aqt.installer - INFO - installer 2304 Finished installation of qtquickcontrols2-Windows-Windows_10-Mingw73-Windows-Windows_10-X86_64.7z in 3.67702390
2026-08-15 07:58:33,744 - aqt.helper - DEBUG - helper 2304 Attempt to download checksum at https://download.qt.io/online/qtsdkrepository/windows_x86/desktop/qt5_5142/qt.qt5.5142.win64_mingw73/5.14.2-0-202003291224qt3d-Windows-Windows_10-Mingw73-Windows-Windows_10-X86_64.7z.sha256
2026-08-15 07:58:34,640 - aqt.helper - INFO - helper 2304 Downloading qt3d...
2026-08-15 07:58:34,641 - aqt.installer - DEBUG - installer 2304 Download URL: https://download.qt.io/online/qtsdkrepository/windows_x86/desktop/qt5_5142/qt.qt5.5142.win64_mingw73/5.14.2-0-202003291224qt3d-Windows-Windows_10-Mingw73-Windows-Windows_10-X86_64.7z
2026-08-15 07:58:34,666 - aqt.helper - INFO - helper 77108 Downloading qtscxml...
2026-08-15 07:58:34,666 - aqt.installer - DEBUG - installer 77108 Download URL: https://download.qt.io/online/qtsdkrepository/windows_x86/desktop/qt5_5142/qt.qt5.5142.win64_mingw73/5.14.2-0-202003291224qtscxml-Windows-Windows_10-Mingw73-Windows-Windows_10-X86_64.7z
2026-08-15 07:58:35,766 - aqt.helper - DEBUG - helper 2304 Asked to redirect(302) to: https://mirrors.sau.edu.cn/qt/online/qtsdkrepository/windows_x86/desktop/qt5_5142/qt.qt5.5142.win64_mingw73/5.14.2-0-202003291224qt3d-Windows-Windows_10-Mingw73-Windows-Windows_10-X86_64.7z
2026-08-15 07:58:35,766 - aqt.helper - INFO - helper 2304 Redirected: mirrors.sau.edu.cn
2026-08-15 07:58:35,779 - aqt.helper - DEBUG - helper 77108 Asked to redirect(302) to: https://mirrors.sau.edu.cn/qt/online/qtsdkrepository/windows_x86/desktop/qt5_5142/qt.qt5.5142.win64_mingw73/5.14.2-0-202003291224qtscxml-Windows-Windows_10-Mingw73-Windows-Windows_10-X86_64.7z
2026-08-15 07:58:35,779 - aqt.helper - INFO - helper 77108 Redirected: mirrors.sau.edu.cn
2026-08-15 07:58:36,280 - aqt.installer - INFO - installer 77108 Finished installation of qtscxml-Windows-Windows_10-Mingw73-Windows-Windows_10-X86_64.7z in 2.65413090
2026-08-15 07:58:36,301 - aqt.helper - DEBUG - helper 77108 Attempt to download checksum at https://download.qt.io/online/qtsdkrepository/windows_x86/desktop/qt5_5142/qt.qt5.5142.win64_mingw73/5.14.2-0-202003291224qtgamepad-Windows-Windows_10-Mingw73-Windows-Windows_10-X86_64.7z.sha256
2026-08-15 07:58:37,206 - aqt.helper - INFO - helper 77108 Downloading qtgamepad...
2026-08-15 07:58:37,207 - aqt.installer - DEBUG - installer 77108 Download URL: https://download.qt.io/online/qtsdkrepository/windows_x86/desktop/qt5_5142/qt.qt5.5142.win64_mingw73/5.14.2-0-202003291224qtgamepad-Windows-Windows_10-Mingw73-Windows-Windows_10-X86_64.7z
2026-08-15 07:58:38,214 - aqt.helper - DEBUG - helper 77108 Asked to redirect(302) to: https://mirrors.sau.edu.cn/qt/online/qtsdkrepository/windows_x86/desktop/qt5_5142/qt.qt5.5142.win64_mingw73/5.14.2-0-202003291224qtgamepad-Windows-Windows_10-Mingw73-Windows-Windows_10-X86_64.7z
2026-08-15 07:58:38,215 - aqt.helper - INFO - helper 77108 Redirected: mirrors.sau.edu.cn
2026-08-15 07:58:38,538 - aqt.installer - INFO - installer 77108 Finished installation of qtgamepad-Windows-Windows_10-Mingw73-Windows-Windows_10-X86_64.7z in 2.24170810
2026-08-15 07:58:38,557 - aqt.helper - DEBUG - helper 77108 Attempt to download checksum at https://download.qt.io/online/qtsdkrepository/windows_x86/desktop/qt5_5142/qt.qt5.5142.win64_mingw73/5.14.2-0-202003291224qtspeech-Windows-Windows_10-Mingw73-Windows-Windows_10-X86_64.7z.sha256
2026-08-15 07:58:39,611 - aqt.helper - INFO - helper 77108 Downloading qtspeech...
2026-08-15 07:58:39,611 - aqt.installer - DEBUG - installer 77108 Download URL: https://download.qt.io/online/qtsdkrepository/windows_x86/desktop/qt5_5142/qt.qt5.5142.win64_mingw73/5.14.2-0-202003291224qtspeech-Windows-Windows_10-Mingw73-Windows-Windows_10-X86_64.7z
2026-08-15 07:58:40,503 - aqt.helper - DEBUG - helper 77108 Asked to redirect(302) to: https://mirrors.sau.edu.cn/qt/online/qtsdkrepository/windows_x86/desktop/qt5_5142/qt.qt5.5142.win64_mingw73/5.14.2-0-202003291224qtspeech-Windows-Windows_10-Mingw73-Windows-Windows_10-X86_64.7z
2026-08-15 07:58:40,503 - aqt.helper - INFO - helper 77108 Redirected: mirrors.sau.edu.cn
2026-08-15 07:58:40,834 - aqt.installer - INFO - installer 77108 Finished installation of qtspeech-Windows-Windows_10-Mingw73-Windows-Windows_10-X86_64.7z in 2.28083420
2026-08-15 07:58:41,412 - aqt.installer - INFO - installer 2304 Finished installation of qt3d-Windows-Windows_10-Mingw73-Windows-Windows_10-X86_64.7z in 7.67089040
2026-08-15 07:58:41,431 - aqt.helper - DEBUG - helper 2304 Attempt to download checksum at https://download.qt.io/online/qtsdkrepository/windows_x86/desktop/qt5_5142/qt.qt5.5142.win64_mingw73/5.14.2-0-202003291224qtremoteobjects-Windows-Windows_10-Mingw73-Windows-Windows_10-X86_64.7z.sha256
2026-08-15 07:58:41,458 - aqt.helper - DEBUG - helper 73524 Attempt to download checksum at https://download.qt.io/online/qtsdkrepository/windows_x86/desktop/qt5_5142/qt.qt5.5142.win64_mingw73/5.14.2-0-202003291224d3dcompiler_47-x64.7z.sha256
2026-08-15 07:58:42,394 - aqt.helper - INFO - helper 73524 Downloading d3dcompiler_47...
2026-08-15 07:58:42,394 - aqt.installer - DEBUG - installer 73524 Download URL: https://download.qt.io/online/qtsdkrepository/windows_x86/desktop/qt5_5142/qt.qt5.5142.win64_mingw73/5.14.2-0-202003291224d3dcompiler_47-x64.7z
2026-08-15 07:58:42,537 - aqt.helper - INFO - helper 2304 Downloading qtremoteobjects...
2026-08-15 07:58:42,537 - aqt.installer - DEBUG - installer 2304 Download URL: https://download.qt.io/online/qtsdkrepository/windows_x86/desktop/qt5_5142/qt.qt5.5142.win64_mingw73/5.14.2-0-202003291224qtremoteobjects-Windows-Windows_10-Mingw73-Windows-Windows_10-X86_64.7z
2026-08-15 07:58:43,372 - aqt.helper - DEBUG - helper 73524 Asked to redirect(302) to: https://mirrors.sau.edu.cn/qt/online/qtsdkrepository/windows_x86/desktop/qt5_5142/qt.qt5.5142.win64_mingw73/5.14.2-0-202003291224d3dcompiler_47-x64.7z
2026-08-15 07:58:43,372 - aqt.helper - INFO - helper 73524 Redirected: mirrors.sau.edu.cn
2026-08-15 07:58:43,421 - aqt.helper - DEBUG - helper 2304 Asked to redirect(302) to: https://mirrors.sau.edu.cn/qt/online/qtsdkrepository/windows_x86/desktop/qt5_5142/qt.qt5.5142.win64_mingw73/5.14.2-0-202003291224qtremoteobjects-Windows-Windows_10-Mingw73-Windows-Windows_10-X86_64.7z
2026-08-15 07:58:43,421 - aqt.helper - INFO - helper 2304 Redirected: mirrors.sau.edu.cn
2026-08-15 07:58:43,946 - aqt.installer - INFO - installer 2304 Finished installation of qtremoteobjects-Windows-Windows_10-Mingw73-Windows-Windows_10-X86_64.7z in 2.51759810
2026-08-15 07:58:43,970 - aqt.helper - DEBUG - helper 2304 Attempt to download checksum at https://download.qt.io/online/qtsdkrepository/windows_x86/desktop/qt5_5142/qt.qt5.5142.win64_mingw73/5.14.2-0-202003291224x86_64-7.3.0-release-posix-seh-rt_v5-rev0-runtime.7z.sha256
2026-08-15 07:58:44,195 - aqt.installer - INFO - installer 73524 Finished installation of d3dcompiler_47-x64.7z in 2.73991470
2026-08-15 07:58:44,394 - aqt.helper - DEBUG - helper 73524 Attempt to download checksum at https://download.qt.io/online/qtsdkrepository/windows_x86/desktop/qt5_5142/qt.qt5.5142.win64_mingw73/5.14.2-0-202003291224opengl32sw-64-mesa_12_0_rc2.7z.sha256
2026-08-15 07:58:45,140 - aqt.helper - INFO - helper 2304 Downloading x86_64...
2026-08-15 07:58:45,141 - aqt.installer - DEBUG - installer 2304 Download URL: https://download.qt.io/online/qtsdkrepository/windows_x86/desktop/qt5_5142/qt.qt5.5142.win64_mingw73/5.14.2-0-202003291224x86_64-7.3.0-release-posix-seh-rt_v5-rev0-runtime.7z
2026-08-15 07:58:45,427 - aqt.helper - INFO - helper 73524 Downloading opengl32sw...
2026-08-15 07:58:45,427 - aqt.installer - DEBUG - installer 73524 Download URL: https://download.qt.io/online/qtsdkrepository/windows_x86/desktop/qt5_5142/qt.qt5.5142.win64_mingw73/5.14.2-0-202003291224opengl32sw-64-mesa_12_0_rc2.7z
2026-08-15 07:58:46,089 - aqt.helper - DEBUG - helper 2304 Asked to redirect(302) to: https://mirrors.sau.edu.cn/qt/online/qtsdkrepository/windows_x86/desktop/qt5_5142/qt.qt5.5142.win64_mingw73/5.14.2-0-202003291224x86_64-7.3.0-release-posix-seh-rt_v5-rev0-runtime.7z
2026-08-15 07:58:46,089 - aqt.helper - INFO - helper 2304 Redirected: mirrors.sau.edu.cn
2026-08-15 07:58:46,358 - aqt.helper - DEBUG - helper 73524 Asked to redirect(302) to: https://mirrors.sau.edu.cn/qt/online/qtsdkrepository/windows_x86/desktop/qt5_5142/qt.qt5.5142.win64_mingw73/5.14.2-0-202003291224opengl32sw-64-mesa_12_0_rc2.7z
2026-08-15 07:58:46,358 - aqt.helper - INFO - helper 73524 Redirected: mirrors.sau.edu.cn
2026-08-15 07:58:46,840 - aqt.installer - INFO - installer 2304 Finished installation of x86_64-7.3.0-release-posix-seh-rt_v5-rev0-runtime.7z in 2.87455100
2026-08-15 07:58:48,569 - aqt.installer - INFO - installer 82208 Finished installation of qtbase-Windows-Windows_10-Mingw73-Windows-Windows_10-X86_64.7z in 42.07081320
2026-08-15 07:58:48,595 - aqt.helper - DEBUG - helper 82208 Attempt to download checksum at https://download.qt.io/online/qtsdkrepository/windows_x86/desktop/qt5_5142/qt.qt5.5142.win64_mingw73/5.14.2-0-202003291224qtconnectivity-Windows-Windows_10-Mingw73-Windows-Windows_10-X86_64.7z.sha256
2026-08-15 07:58:49,544 - aqt.helper - INFO - helper 82208 Downloading qtconnectivity...
2026-08-15 07:58:49,544 - aqt.installer - DEBUG - installer 82208 Download URL: https://download.qt.io/online/qtsdkrepository/windows_x86/desktop/qt5_5142/qt.qt5.5142.win64_mingw73/5.14.2-0-202003291224qtconnectivity-Windows-Windows_10-Mingw73-Windows-Windows_10-X86_64.7z
2026-08-15 07:58:50,481 - aqt.helper - DEBUG - helper 82208 Asked to redirect(302) to: https://mirrors.sau.edu.cn/qt/online/qtsdkrepository/windows_x86/desktop/qt5_5142/qt.qt5.5142.win64_mingw73/5.14.2-0-202003291224qtconnectivity-Windows-Windows_10-Mingw73-Windows-Windows_10-X86_64.7z
2026-08-15 07:58:50,481 - aqt.helper - INFO - helper 82208 Redirected: mirrors.sau.edu.cn
2026-08-15 07:58:50,566 - aqt.installer - INFO - installer 8468 Finished installation of qttools-Windows-Windows_10-Mingw73-Windows-Windows_10-X86_64.7z in 33.79281640
2026-08-15 07:58:50,580 - aqt.helper - DEBUG - helper 8468 Attempt to download checksum at https://download.qt.io/online/qtsdkrepository/windows_x86/desktop/qt5_5142/qt.qt5.5142.win64_mingw73/5.14.2-0-202003291224qtxmlpatterns-Windows-Windows_10-Mingw73-Windows-Windows_10-X86_64.7z.sha256
2026-08-15 07:58:51,164 - aqt.installer - INFO - installer 82208 Finished installation of qtconnectivity-Windows-Windows_10-Mingw73-Windows-Windows_10-X86_64.7z in 2.57383700
2026-08-15 07:58:51,550 - aqt.helper - INFO - helper 8468 Downloading qtxmlpatterns...
2026-08-15 07:58:51,550 - aqt.installer - DEBUG - installer 8468 Download URL: https://download.qt.io/online/qtsdkrepository/windows_x86/desktop/qt5_5142/qt.qt5.5142.win64_mingw73/5.14.2-0-202003291224qtxmlpatterns-Windows-Windows_10-Mingw73-Windows-Windows_10-X86_64.7z
2026-08-15 07:58:52,567 - aqt.helper - DEBUG - helper 8468 Asked to redirect(302) to: https://mirrors.sau.edu.cn/qt/online/qtsdkrepository/windows_x86/desktop/qt5_5142/qt.qt5.5142.win64_mingw73/5.14.2-0-202003291224qtxmlpatterns-Windows-Windows_10-Mingw73-Windows-Windows_10-X86_64.7z
2026-08-15 07:58:52,567 - aqt.helper - INFO - helper 8468 Redirected: mirrors.sau.edu.cn
2026-08-15 07:58:52,957 - aqt.installer - INFO - installer 73524 Finished installation of opengl32sw-64-mesa_12_0_rc2.7z in 8.74642270
2026-08-15 07:58:53,796 - aqt.installer - INFO - installer 8468 Finished installation of qtxmlpatterns-Windows-Windows_10-Mingw73-Windows-Windows_10-X86_64.7z in 3.21816250
2026-08-15 07:58:54,635 - aqt.updater - INFO - updater 47672 Patching D:\Qt\5.14.2\mingw73_64\bin\qmake.exe
2026-08-15 07:58:56,386 - aqt.updater - INFO - updater 47672 Patching D:\Qt\5.14.2\mingw73_64\lib\pkgconfig\Qt53DAnimation.pc
2026-08-15 07:58:56,401 - aqt.updater - INFO - updater 47672 Patching D:\Qt\5.14.2\mingw73_64\lib\pkgconfig\Qt53DCore.pc
2026-08-15 07:58:56,414 - aqt.updater - INFO - updater 47672 Patching D:\Qt\5.14.2\mingw73_64\lib\pkgconfig\Qt53DExtras.pc
2026-08-15 07:58:56,429 - aqt.updater - INFO - updater 47672 Patching D:\Qt\5.14.2\mingw73_64\lib\pkgconfig\Qt53DInput.pc
2026-08-15 07:58:56,443 - aqt.updater - INFO - updater 47672 Patching D:\Qt\5.14.2\mingw73_64\lib\pkgconfig\Qt53DLogic.pc
2026-08-15 07:58:56,457 - aqt.updater - INFO - updater 47672 Patching D:\Qt\5.14.2\mingw73_64\lib\pkgconfig\Qt53DQuick.pc
2026-08-15 07:58:56,472 - aqt.updater - INFO - updater 47672 Patching D:\Qt\5.14.2\mingw73_64\lib\pkgconfig\Qt53DQuickAnimation.pc
2026-08-15 07:58:56,487 - aqt.updater - INFO - updater 47672 Patching D:\Qt\5.14.2\mingw73_64\lib\pkgconfig\Qt53DQuickExtras.pc
2026-08-15 07:58:56,503 - aqt.updater - INFO - updater 47672 Patching D:\Qt\5.14.2\mingw73_64\lib\pkgconfig\Qt53DQuickInput.pc
2026-08-15 07:58:56,516 - aqt.updater - INFO - updater 47672 Patching D:\Qt\5.14.2\mingw73_64\lib\pkgconfig\Qt53DQuickRender.pc
2026-08-15 07:58:56,528 - aqt.updater - INFO - updater 47672 Patching D:\Qt\5.14.2\mingw73_64\lib\pkgconfig\Qt53DQuickScene2D.pc
2026-08-15 07:58:56,542 - aqt.updater - INFO - updater 47672 Patching D:\Qt\5.14.2\mingw73_64\lib\pkgconfig\Qt53DRender.pc
2026-08-15 07:58:56,556 - aqt.updater - INFO - updater 47672 Patching D:\Qt\5.14.2\mingw73_64\lib\pkgconfig\Qt5AxBase.pc
2026-08-15 07:58:56,570 - aqt.updater - INFO - updater 47672 Patching D:\Qt\5.14.2\mingw73_64\lib\pkgconfig\Qt5AxContainer.pc
2026-08-15 07:58:56,586 - aqt.updater - INFO - updater 47672 Patching D:\Qt\5.14.2\mingw73_64\lib\pkgconfig\Qt5AxServer.pc
2026-08-15 07:58:56,600 - aqt.updater - INFO - updater 47672 Patching D:\Qt\5.14.2\mingw73_64\lib\pkgconfig\Qt5Bluetooth.pc
2026-08-15 07:58:56,616 - aqt.updater - INFO - updater 47672 Patching D:\Qt\5.14.2\mingw73_64\lib\pkgconfig\Qt5Concurrent.pc
2026-08-15 07:58:56,629 - aqt.updater - INFO - updater 47672 Patching D:\Qt\5.14.2\mingw73_64\lib\pkgconfig\Qt5Core.pc
2026-08-15 07:58:56,640 - aqt.updater - INFO - updater 47672 Patching D:\Qt\5.14.2\mingw73_64\lib\pkgconfig\Qt5DBus.pc
2026-08-15 07:58:56,655 - aqt.updater - INFO - updater 47672 Patching D:\Qt\5.14.2\mingw73_64\lib\pkgconfig\Qt5Designer.pc
2026-08-15 07:58:56,668 - aqt.updater - INFO - updater 47672 Patching D:\Qt\5.14.2\mingw73_64\lib\pkgconfig\Qt5Gamepad.pc
2026-08-15 07:58:56,680 - aqt.updater - INFO - updater 47672 Patching D:\Qt\5.14.2\mingw73_64\lib\pkgconfig\Qt5Gui.pc
2026-08-15 07:58:56,691 - aqt.updater - INFO - updater 47672 Patching D:\Qt\5.14.2\mingw73_64\lib\pkgconfig\Qt5Help.pc
2026-08-15 07:58:56,704 - aqt.updater - INFO - updater 47672 Patching D:\Qt\5.14.2\mingw73_64\lib\pkgconfig\Qt5Location.pc
2026-08-15 07:58:56,719 - aqt.updater - INFO - updater 47672 Patching D:\Qt\5.14.2\mingw73_64\lib\pkgconfig\Qt5Multimedia.pc
2026-08-15 07:58:56,733 - aqt.updater - INFO - updater 47672 Patching D:\Qt\5.14.2\mingw73_64\lib\pkgconfig\Qt5MultimediaWidgets.pc
2026-08-15 07:58:56,743 - aqt.updater - INFO - updater 47672 Patching D:\Qt\5.14.2\mingw73_64\lib\pkgconfig\Qt5Network.pc
2026-08-15 07:58:56,756 - aqt.updater - INFO - updater 47672 Patching D:\Qt\5.14.2\mingw73_64\lib\pkgconfig\Qt5Nfc.pc
2026-08-15 07:58:56,768 - aqt.updater - INFO - updater 47672 Patching D:\Qt\5.14.2\mingw73_64\lib\pkgconfig\Qt5OpenGL.pc
2026-08-15 07:58:56,784 - aqt.updater - INFO - updater 47672 Patching D:\Qt\5.14.2\mingw73_64\lib\pkgconfig\Qt5OpenGLExtensions.pc
2026-08-15 07:58:56,801 - aqt.updater - INFO - updater 47672 Patching D:\Qt\5.14.2\mingw73_64\lib\pkgconfig\Qt5Positioning.pc
2026-08-15 07:58:56,820 - aqt.updater - INFO - updater 47672 Patching D:\Qt\5.14.2\mingw73_64\lib\pkgconfig\Qt5PositioningQuick.pc
2026-08-15 07:58:56,835 - aqt.updater - INFO - updater 47672 Patching D:\Qt\5.14.2\mingw73_64\lib\pkgconfig\Qt5PrintSupport.pc
2026-08-15 07:58:56,850 - aqt.updater - INFO - updater 47672 Patching D:\Qt\5.14.2\mingw73_64\lib\pkgconfig\Qt5Qml.pc
2026-08-15 07:58:56,870 - aqt.updater - INFO - updater 47672 Patching D:\Qt\5.14.2\mingw73_64\lib\pkgconfig\Qt5QmlModels.pc
2026-08-15 07:58:56,881 - aqt.updater - INFO - updater 47672 Patching D:\Qt\5.14.2\mingw73_64\lib\pkgconfig\Qt5QmlWorkerScript.pc
2026-08-15 07:58:56,896 - aqt.updater - INFO - updater 47672 Patching D:\Qt\5.14.2\mingw73_64\lib\pkgconfig\Qt5Quick.pc
2026-08-15 07:58:56,910 - aqt.updater - INFO - updater 47672 Patching D:\Qt\5.14.2\mingw73_64\lib\pkgconfig\Qt5QuickControls2.pc
2026-08-15 07:58:56,926 - aqt.updater - INFO - updater 47672 Patching D:\Qt\5.14.2\mingw73_64\lib\pkgconfig\Qt5QuickTemplates2.pc
2026-08-15 07:58:56,941 - aqt.updater - INFO - updater 47672 Patching D:\Qt\5.14.2\mingw73_64\lib\pkgconfig\Qt5QuickTest.pc
2026-08-15 07:58:56,955 - aqt.updater - INFO - updater 47672 Patching D:\Qt\5.14.2\mingw73_64\lib\pkgconfig\Qt5QuickWidgets.pc
2026-08-15 07:58:56,965 - aqt.updater - INFO - updater 47672 Patching D:\Qt\5.14.2\mingw73_64\lib\pkgconfig\Qt5RemoteObjects.pc
2026-08-15 07:58:56,982 - aqt.updater - INFO - updater 47672 Patching D:\Qt\5.14.2\mingw73_64\lib\pkgconfig\Qt5Scxml.pc
2026-08-15 07:58:57,001 - aqt.updater - INFO - updater 47672 Patching D:\Qt\5.14.2\mingw73_64\lib\pkgconfig\Qt5Sensors.pc
2026-08-15 07:58:57,015 - aqt.updater - INFO - updater 47672 Patching D:\Qt\5.14.2\mingw73_64\lib\pkgconfig\Qt5SerialBus.pc
2026-08-15 07:58:57,030 - aqt.updater - INFO - updater 47672 Patching D:\Qt\5.14.2\mingw73_64\lib\pkgconfig\Qt5SerialPort.pc
2026-08-15 07:58:57,043 - aqt.updater - INFO - updater 47672 Patching D:\Qt\5.14.2\mingw73_64\lib\pkgconfig\Qt5Sql.pc
2026-08-15 07:58:57,059 - aqt.updater - INFO - updater 47672 Patching D:\Qt\5.14.2\mingw73_64\lib\pkgconfig\Qt5Svg.pc
2026-08-15 07:58:57,074 - aqt.updater - INFO - updater 47672 Patching D:\Qt\5.14.2\mingw73_64\lib\pkgconfig\Qt5Test.pc
2026-08-15 07:58:57,088 - aqt.updater - INFO - updater 47672 Patching D:\Qt\5.14.2\mingw73_64\lib\pkgconfig\Qt5TextToSpeech.pc
2026-08-15 07:58:57,101 - aqt.updater - INFO - updater 47672 Patching D:\Qt\5.14.2\mingw73_64\lib\pkgconfig\Qt5UiTools.pc
2026-08-15 07:58:57,116 - aqt.updater - INFO - updater 47672 Patching D:\Qt\5.14.2\mingw73_64\lib\pkgconfig\Qt5WebChannel.pc
2026-08-15 07:58:57,127 - aqt.updater - INFO - updater 47672 Patching D:\Qt\5.14.2\mingw73_64\lib\pkgconfig\Qt5WebSockets.pc
2026-08-15 07:58:57,139 - aqt.updater - INFO - updater 47672 Patching D:\Qt\5.14.2\mingw73_64\lib\pkgconfig\Qt5Widgets.pc
2026-08-15 07:58:57,151 - aqt.updater - INFO - updater 47672 Patching D:\Qt\5.14.2\mingw73_64\lib\pkgconfig\Qt5WinExtras.pc
2026-08-15 07:58:57,164 - aqt.updater - INFO - updater 47672 Patching D:\Qt\5.14.2\mingw73_64\lib\pkgconfig\Qt5Xml.pc
2026-08-15 07:58:57,181 - aqt.updater - INFO - updater 47672 Patching D:\Qt\5.14.2\mingw73_64\lib\pkgconfig\Qt5XmlPatterns.pc
2026-08-15 07:58:57,194 - aqt.updater - INFO - updater 47672 Patching D:\Qt\5.14.2\mingw73_64\lib\libEGL.prl
2026-08-15 07:58:57,207 - aqt.updater - INFO - updater 47672 Patching D:\Qt\5.14.2\mingw73_64\lib\libGLESv2.prl
2026-08-15 07:58:57,221 - aqt.updater - INFO - updater 47672 Patching D:\Qt\5.14.2\mingw73_64\lib\Qt53DAnimation.prl
2026-08-15 07:58:57,235 - aqt.updater - INFO - updater 47672 Patching D:\Qt\5.14.2\mingw73_64\lib\Qt53DCore.prl
2026-08-15 07:58:57,249 - aqt.updater - INFO - updater 47672 Patching D:\Qt\5.14.2\mingw73_64\lib\Qt53DExtras.prl
2026-08-15 07:58:57,262 - aqt.updater - INFO - updater 47672 Patching D:\Qt\5.14.2\mingw73_64\lib\Qt53DInput.prl
2026-08-15 07:58:57,276 - aqt.updater - INFO - updater 47672 Patching D:\Qt\5.14.2\mingw73_64\lib\Qt53DLogic.prl
2026-08-15 07:58:57,293 - aqt.updater - INFO - updater 47672 Patching D:\Qt\5.14.2\mingw73_64\lib\Qt53DQuick.prl
2026-08-15 07:58:57,307 - aqt.updater - INFO - updater 47672 Patching D:\Qt\5.14.2\mingw73_64\lib\Qt53DQuickAnimation.prl
2026-08-15 07:58:57,318 - aqt.updater - INFO - updater 47672 Patching D:\Qt\5.14.2\mingw73_64\lib\Qt53DQuickExtras.prl
2026-08-15 07:58:57,331 - aqt.updater - INFO - updater 47672 Patching D:\Qt\5.14.2\mingw73_64\lib\Qt53DQuickInput.prl
2026-08-15 07:58:57,342 - aqt.updater - INFO - updater 47672 Patching D:\Qt\5.14.2\mingw73_64\lib\Qt53DQuickRender.prl
2026-08-15 07:58:57,356 - aqt.updater - INFO - updater 47672 Patching D:\Qt\5.14.2\mingw73_64\lib\Qt53DQuickScene2D.prl
2026-08-15 07:58:57,371 - aqt.updater - INFO - updater 47672 Patching D:\Qt\5.14.2\mingw73_64\lib\Qt53DRender.prl
2026-08-15 07:58:57,389 - aqt.updater - INFO - updater 47672 Patching D:\Qt\5.14.2\mingw73_64\lib\Qt5AccessibilitySupport.prl
2026-08-15 07:58:57,401 - aqt.updater - INFO - updater 47672 Patching D:\Qt\5.14.2\mingw73_64\lib\Qt5AxBase.prl
2026-08-15 07:58:57,418 - aqt.updater - INFO - updater 47672 Patching D:\Qt\5.14.2\mingw73_64\lib\Qt5AxContainer.prl
2026-08-15 07:58:57,430 - aqt.updater - INFO - updater 47672 Patching D:\Qt\5.14.2\mingw73_64\lib\Qt5AxServer.prl
2026-08-15 07:58:57,444 - aqt.updater - INFO - updater 47672 Patching D:\Qt\5.14.2\mingw73_64\lib\Qt5Bluetooth.prl
2026-08-15 07:58:57,463 - aqt.updater - INFO - updater 47672 Patching D:\Qt\5.14.2\mingw73_64\lib\Qt5Bootstrap.prl
2026-08-15 07:58:57,476 - aqt.updater - INFO - updater 47672 Patching D:\Qt\5.14.2\mingw73_64\lib\Qt5Concurrent.prl
2026-08-15 07:58:57,490 - aqt.updater - INFO - updater 47672 Patching D:\Qt\5.14.2\mingw73_64\lib\Qt5Core.prl
2026-08-15 07:58:57,503 - aqt.updater - INFO - updater 47672 Patching D:\Qt\5.14.2\mingw73_64\lib\Qt5DBus.prl
2026-08-15 07:58:57,520 - aqt.updater - INFO - updater 47672 Patching D:\Qt\5.14.2\mingw73_64\lib\Qt5Designer.prl
2026-08-15 07:58:57,535 - aqt.updater - INFO - updater 47672 Patching D:\Qt\5.14.2\mingw73_64\lib\Qt5DesignerComponents.prl
2026-08-15 07:58:57,548 - aqt.updater - INFO - updater 47672 Patching D:\Qt\5.14.2\mingw73_64\lib\Qt5DeviceDiscoverySupport.prl
2026-08-15 07:58:57,563 - aqt.updater - INFO - updater 47672 Patching D:\Qt\5.14.2\mingw73_64\lib\Qt5EdidSupport.prl
2026-08-15 07:58:57,576 - aqt.updater - INFO - updater 47672 Patching D:\Qt\5.14.2\mingw73_64\lib\Qt5EglSupport.prl
2026-08-15 07:58:57,591 - aqt.updater - INFO - updater 47672 Patching D:\Qt\5.14.2\mingw73_64\lib\Qt5EventDispatcherSupport.prl
2026-08-15 07:58:57,602 - aqt.updater - INFO - updater 47672 Patching D:\Qt\5.14.2\mingw73_64\lib\Qt5FbSupport.prl
2026-08-15 07:58:57,617 - aqt.updater - INFO - updater 47672 Patching D:\Qt\5.14.2\mingw73_64\lib\Qt5FontDatabaseSupport.prl
2026-08-15 07:58:57,633 - aqt.updater - INFO - updater 47672 Patching D:\Qt\5.14.2\mingw73_64\lib\Qt5Gamepad.prl
2026-08-15 07:58:57,644 - aqt.updater - INFO - updater 47672 Patching D:\Qt\5.14.2\mingw73_64\lib\Qt5Gui.prl
2026-08-15 07:58:57,660 - aqt.updater - INFO - updater 47672 Patching D:\Qt\5.14.2\mingw73_64\lib\Qt5Help.prl
2026-08-15 07:58:57,676 - aqt.updater - INFO - updater 47672 Patching D:\Qt\5.14.2\mingw73_64\lib\Qt5Location.prl
2026-08-15 07:58:57,692 - aqt.updater - INFO - updater 47672 Patching D:\Qt\5.14.2\mingw73_64\lib\Qt5Multimedia.prl
2026-08-15 07:58:57,705 - aqt.updater - INFO - updater 47672 Patching D:\Qt\5.14.2\mingw73_64\lib\Qt5MultimediaQuick.prl
2026-08-15 07:58:57,720 - aqt.updater - INFO - updater 47672 Patching D:\Qt\5.14.2\mingw73_64\lib\Qt5MultimediaWidgets.prl
2026-08-15 07:58:57,733 - aqt.updater - INFO - updater 47672 Patching D:\Qt\5.14.2\mingw73_64\lib\Qt5Network.prl
2026-08-15 07:58:57,748 - aqt.updater - INFO - updater 47672 Patching D:\Qt\5.14.2\mingw73_64\lib\Qt5Nfc.prl
2026-08-15 07:58:57,761 - aqt.updater - INFO - updater 47672 Patching D:\Qt\5.14.2\mingw73_64\lib\Qt5OpenGL.prl
2026-08-15 07:58:57,774 - aqt.updater - INFO - updater 47672 Patching D:\Qt\5.14.2\mingw73_64\lib\Qt5OpenGLExtensions.prl
2026-08-15 07:58:57,786 - aqt.updater - INFO - updater 47672 Patching D:\Qt\5.14.2\mingw73_64\lib\Qt5PacketProtocol.prl
2026-08-15 07:58:57,805 - aqt.updater - INFO - updater 47672 Patching D:\Qt\5.14.2\mingw73_64\lib\Qt5PlatformCompositorSupport.prl
2026-08-15 07:58:57,821 - aqt.updater - INFO - updater 47672 Patching D:\Qt\5.14.2\mingw73_64\lib\Qt5Positioning.prl
2026-08-15 07:58:57,838 - aqt.updater - INFO - updater 47672 Patching D:\Qt\5.14.2\mingw73_64\lib\Qt5PositioningQuick.prl
2026-08-15 07:58:57,852 - aqt.updater - INFO - updater 47672 Patching D:\Qt\5.14.2\mingw73_64\lib\Qt5PrintSupport.prl
2026-08-15 07:58:57,868 - aqt.updater - INFO - updater 47672 Patching D:\Qt\5.14.2\mingw73_64\lib\Qt5Qml.prl
2026-08-15 07:58:57,883 - aqt.updater - INFO - updater 47672 Patching D:\Qt\5.14.2\mingw73_64\lib\Qt5QmlDebug.prl
2026-08-15 07:58:57,901 - aqt.updater - INFO - updater 47672 Patching D:\Qt\5.14.2\mingw73_64\lib\Qt5QmlDevTools.prl
2026-08-15 07:58:57,913 - aqt.updater - INFO - updater 47672 Patching D:\Qt\5.14.2\mingw73_64\lib\Qt5QmlModels.prl
2026-08-15 07:58:57,928 - aqt.updater - INFO - updater 47672 Patching D:\Qt\5.14.2\mingw73_64\lib\Qt5QmlWorkerScript.prl
2026-08-15 07:58:57,944 - aqt.updater - INFO - updater 47672 Patching D:\Qt\5.14.2\mingw73_64\lib\Qt5Quick.prl
2026-08-15 07:58:57,959 - aqt.updater - INFO - updater 47672 Patching D:\Qt\5.14.2\mingw73_64\lib\Qt5QuickControls2.prl
2026-08-15 07:58:57,972 - aqt.updater - INFO - updater 47672 Patching D:\Qt\5.14.2\mingw73_64\lib\Qt5QuickParticles.prl
2026-08-15 07:58:57,984 - aqt.updater - INFO - updater 47672 Patching D:\Qt\5.14.2\mingw73_64\lib\Qt5QuickShapes.prl
2026-08-15 07:58:58,000 - aqt.updater - INFO - updater 47672 Patching D:\Qt\5.14.2\mingw73_64\lib\Qt5QuickTemplates2.prl
2026-08-15 07:58:58,014 - aqt.updater - INFO - updater 47672 Patching D:\Qt\5.14.2\mingw73_64\lib\Qt5QuickTest.prl
2026-08-15 07:58:58,029 - aqt.updater - INFO - updater 47672 Patching D:\Qt\5.14.2\mingw73_64\lib\Qt5QuickWidgets.prl
2026-08-15 07:58:58,040 - aqt.updater - INFO - updater 47672 Patching D:\Qt\5.14.2\mingw73_64\lib\Qt5RemoteObjects.prl
2026-08-15 07:58:58,056 - aqt.updater - INFO - updater 47672 Patching D:\Qt\5.14.2\mingw73_64\lib\Qt5Scxml.prl
2026-08-15 07:58:58,068 - aqt.updater - INFO - updater 47672 Patching D:\Qt\5.14.2\mingw73_64\lib\Qt5Sensors.prl
2026-08-15 07:58:58,080 - aqt.updater - INFO - updater 47672 Patching D:\Qt\5.14.2\mingw73_64\lib\Qt5SerialBus.prl
2026-08-15 07:58:58,095 - aqt.updater - INFO - updater 47672 Patching D:\Qt\5.14.2\mingw73_64\lib\Qt5SerialPort.prl
2026-08-15 07:58:58,112 - aqt.updater - INFO - updater 47672 Patching D:\Qt\5.14.2\mingw73_64\lib\Qt5Sql.prl
2026-08-15 07:58:58,126 - aqt.updater - INFO - updater 47672 Patching D:\Qt\5.14.2\mingw73_64\lib\Qt5Svg.prl
2026-08-15 07:58:58,141 - aqt.updater - INFO - updater 47672 Patching D:\Qt\5.14.2\mingw73_64\lib\Qt5Test.prl
2026-08-15 07:58:58,152 - aqt.updater - INFO - updater 47672 Patching D:\Qt\5.14.2\mingw73_64\lib\Qt5TextToSpeech.prl
2026-08-15 07:58:58,168 - aqt.updater - INFO - updater 47672 Patching D:\Qt\5.14.2\mingw73_64\lib\Qt5ThemeSupport.prl
2026-08-15 07:58:58,194 - aqt.updater - INFO - updater 47672 Patching D:\Qt\5.14.2\mingw73_64\lib\Qt5UiTools.prl
2026-08-15 07:58:58,210 - aqt.updater - INFO - updater 47672 Patching D:\Qt\5.14.2\mingw73_64\lib\Qt5VulkanSupport.prl
2026-08-15 07:58:58,225 - aqt.updater - INFO - updater 47672 Patching D:\Qt\5.14.2\mingw73_64\lib\Qt5WebChannel.prl
2026-08-15 07:58:58,236 - aqt.updater - INFO - updater 47672 Patching D:\Qt\5.14.2\mingw73_64\lib\Qt5WebSockets.prl
2026-08-15 07:58:58,251 - aqt.updater - INFO - updater 47672 Patching D:\Qt\5.14.2\mingw73_64\lib\Qt5Widgets.prl
2026-08-15 07:58:58,265 - aqt.updater - INFO - updater 47672 Patching D:\Qt\5.14.2\mingw73_64\lib\Qt5WindowsUIAutomationSupport.prl
2026-08-15 07:58:58,281 - aqt.updater - INFO - updater 47672 Patching D:\Qt\5.14.2\mingw73_64\lib\Qt5WinExtras.prl
2026-08-15 07:58:58,299 - aqt.updater - INFO - updater 47672 Patching D:\Qt\5.14.2\mingw73_64\lib\Qt5Xml.prl
2026-08-15 07:58:58,317 - aqt.updater - INFO - updater 47672 Patching D:\Qt\5.14.2\mingw73_64\lib\Qt5XmlPatterns.prl
2026-08-15 07:58:58,331 - aqt.updater - INFO - updater 47672 Patching D:\Qt\5.14.2\mingw73_64\lib\qtfreetype.prl
2026-08-15 07:58:58,345 - aqt.updater - INFO - updater 47672 Patching D:\Qt\5.14.2\mingw73_64\lib\qtlibpng.prl
2026-08-15 07:58:58,357 - aqt.updater - INFO - updater 47672 Patching D:\Qt\5.14.2\mingw73_64\lib\qtmain.prl
2026-08-15 07:58:58,370 - aqt.main - INFO - installer 47672 Finished installation
2026-08-15 07:58:58,371 - aqt.main - INFO - installer 47672 Time elapsed: 55.82023500 second
2026-08-15 08:02:25,139 - aqt.main - INFO - installer 4128 aqtinstall(aqt) v3.3.0 on Python 3.9.7 [CPython MSC v.1929 64 bit (AMD64)]
2026-08-15 08:02:25,139 - aqt.helper - DEBUG - helper 4128 Attempt to download checksum at https://download.qt.io/online/qtsdkrepository/windows_x86/desktop/tools_mingw/Updates.xml.sha256
2026-08-15 08:02:27,540 - aqt.helper - DEBUG - helper 65084 Attempt to download checksum at https://download.qt.io/online/qtsdkrepository/windows_x86/desktop/tools_mingw/qt.tools.win64_mingw730/7.3.0-1-202004170606x86_64-7.3.0-release-posix-seh-rt_v5-rev0.7z.sha256
2026-08-15 08:02:28,517 - aqt.helper - INFO - helper 65084 Downloading qt.tools.win64_mingw730...
2026-08-15 08:02:28,518 - aqt.installer - DEBUG - installer 65084 Download URL: https://download.qt.io/online/qtsdkrepository/windows_x86/desktop/tools_mingw/qt.tools.win64_mingw730/7.3.0-1-202004170606x86_64-7.3.0-release-posix-seh-rt_v5-rev0.7z
2026-08-15 08:02:29,456 - aqt.helper - DEBUG - helper 65084 Asked to redirect(302) to: https://mirrors.sau.edu.cn/qt/online/qtsdkrepository/windows_x86/desktop/tools_mingw/qt.tools.win64_mingw730/7.3.0-1-202004170606x86_64-7.3.0-release-posix-seh-rt_v5-rev0.7z
2026-08-15 08:02:29,457 - aqt.helper - INFO - helper 65084 Redirected: mirrors.sau.edu.cn
2026-08-15 08:03:22,657 - aqt.installer - INFO - installer 65084 Finished installation of x86_64-7.3.0-release-posix-seh-rt_v5-rev0.7z in 55.12017130
2026-08-15 08:03:22,753 - aqt.main - INFO - installer 4128 Finished installation
2026-08-15 08:03:22,753 - aqt.main - INFO - installer 4128 Time elapsed: 57.61450460 second
